outcode,LAD21NM,prop_outcode_in_la
AB1,Aberdeen City,0.9412429378531073
AB10,Aberdeen City,1
AB11,Aberdeen City,0.9988839285714286
AB12,Aberdeen City,0.7437619961612284
AB13,Aberdeen City,0.8738738738738738
AB14,Aberdeen City,0.9401197604790419
AB15,Aberdeen City,0.9953088350273651
AB16,Aberdeen City,1
AB2,Aberdeen City,0.9456026058631922
AB21,Aberdeen City,0.7048319327731093
AB22,Aberdeen City,0.9973614775725593
AB23,Aberdeen City,0.6714628297362111
AB24,Aberdeen City,1
AB25,Aberdeen City,0.9922118380062306
AB3,Aberdeenshire,0.9252767527675276
AB30,Aberdeenshire,0.9863013698630136
AB31,Aberdeenshire,0.9905838041431262
AB32,Aberdeenshire,0.9976905311778291
AB33,Aberdeenshire,1
AB34,Aberdeenshire,1
AB35,Aberdeenshire,1
AB36,Aberdeenshire,1
AB37,Moray,0.9894736842105263
AB38,Moray,1
AB39,Aberdeenshire,0.998371335504886
AB4,Aberdeenshire,0.9989851150202977
AB41,Aberdeenshire,0.9991568296795953
AB42,Aberdeenshire,0.9983402489626556
AB43,Aberdeenshire,0.9965469613259669
AB44,Aberdeenshire,1
AB45,Aberdeenshire,0.9956521739130435
AB5,Aberdeenshire,0.679213857428381
AB51,Aberdeenshire,0.9925629290617849
AB52,Aberdeenshire,1
AB53,Aberdeenshire,1
AB54,Aberdeenshire,0.89363722697056025
AB55,Moray,0.984
AB56,Moray,0.9881889763779528
AB9,Aberdeen City,0.9709193245778611
AB99,NA,0.5714285714285714
AL1,St Albans,0.9905800694100149
AL10,Welwyn Hatfield,0.99830220713073
AL2,St Albans,0.986734693877551
AL3,St Albans,0.8334612432847276
AL4,St Albans,0.9754020813623463
AL5,St Albans,0.9954721862871928
AL6,Welwyn Hatfield,0.806697108066971
AL7,Welwyn Hatfield,0.9882677708764666
AL8,Welwyn Hatfield,1
AL9,Welwyn Hatfield,0.998371335504886
B1,Birmingham,1
B10,Birmingham,1
B11,Birmingham,1
B12,Birmingham,1
B13,Birmingham,0.9991007194244604
B14,Birmingham,0.9941972920696325
B15,Birmingham,1
B16,Birmingham,0.9913494809688581
B17,Birmingham,0.9974905897114178
B18,Birmingham,0.9858078602620087
B19,Birmingham,1
B2,Birmingham,1
B20,Birmingham,1
B21,Birmingham,0.9807692307692307
B22,Birmingham,1
B23,Birmingham,0.998389694041868
B24,Birmingham,1
B25,Birmingham,0.9980694980694981
B26,Birmingham,0.9665327978580991
B27,Birmingham,0.9631675874769797
B28,Birmingham,0.990487514863258
B29,Birmingham,1
B3,Birmingham,1
B30,Birmingham,0.9988738738738738
B31,Birmingham,0.9965846994535519
B32,Birmingham,0.9864620938628159
B33,Birmingham,1
B34,Birmingham,1
B35,Birmingham,1
B36,Solihull,0.6002785515320335
B37,Solihull,0.9935135135135135
B38,Birmingham,0.8969594594594594
B4,Birmingham,1
B40,Solihull,1
B42,Birmingham,0.9815789473684211
B43,Sandwell,0.6412556053811659
B44,Birmingham,1
B45,Birmingham,0.5947712418300654
B46,North Warwickshire,0.9955022488755623
B47,Bromsgrove,0.8945578231292517
B48,Bromsgrove,0.9139344262295082
B49,Stratford-on-Avon,0.9554263565891473
B5,Birmingham,1
B50,Stratford-on-Avon,0.9779735682819384
B6,Birmingham,1
B60,Bromsgrove,0.9669211195928753
B61,Bromsgrove,0.9637850467289719
B62,Dudley,0.891280947255113
B63,Dudley,0.9990186457311089
B64,Sandwell,0.935126582278481
B65,Sandwell,0.9391575663026521
B66,Sandwell,0.9894736842105263
B67,Sandwell,0.9973821989528796
B68,Sandwell,0.9985507246376811
B69,Sandwell,1
B7,Birmingham,1
B70,Sandwell,0.9970951343500363
B71,Sandwell,1
B72,Birmingham,1
B73,Birmingham,0.9980449657869013
B74,Birmingham,0.5946502057613169
B75,Birmingham,0.9629186602870813
B76,Birmingham,0.8964552238805971
B77,Tamworth,0.9916317991631799
B78,North Warwickshire,0.547455295735901
B79,Tamworth,0.7074592074592074
B8,Birmingham,1
B80,Stratford-on-Avon,0.8740157480314961
B9,Birmingham,1
B90,Solihull,0.9728835978835979
B91,Solihull,1
B92,Solihull,0.9977924944812362
B93,Solihull,0.9802555168408827
B94,Stratford-on-Avon,0.3744075829383886
B95,Stratford-on-Avon,0.941747572815534
B96,Redditch,0.5864978902953587
B97,Redditch,0.9707016191210486
B98,Redditch,0.949468085106383
B99,Birmingham,1
BA1,Bath and North East Somerset,0.9941383352872216
BA10,South Somerset,0.965
BA11,Mendip,0.9607438016528925
BA12,Wiltshire,0.992
BA13,Wiltshire,0.9846350832266325
BA14,Wiltshire,1
BA15,Wiltshire,0.9491525423728814
BA16,Mendip,1
BA2,Bath and North East Somerset,0.9531883523774419
BA20,South Somerset,1
BA21,South Somerset,0.9933259176863182
BA22,South Somerset,0.9572553430821147
BA3,Bath and North East Somerset,0.5715017939518195
BA4,Mendip,0.9990029910269193
BA5,Mendip,0.9900398406374502
BA6,Mendip,0.9844559585492227
BA7,South Somerset,0.9873949579831933
BA8,South Somerset,0.9871244635193133
BA9,South Somerset,0.991578947368421
BB0,Blackburn with Darwen,1
BB1,Blackburn with Darwen,0.819560669456067
BB10,Burnley,0.9487179487179487
BB11,Burnley,0.9993016759776536
BB12,Burnley,0.7732128184059162
BB18,Pendle,0.9910313901345291
BB2,Blackburn with Darwen,0.946257197696737
BB3,Blackburn with Darwen,0.9991539763113367
BB4,Rossendale,1
BB5,Hyndburn,0.984637542006721
BB6,Ribble Valley,0.5171428571428571
BB7,Ribble Valley,0.997212543554007
BB8,Pendle,0.998022412656559
BB9,Pendle,0.9994577006507592
BB94,Pendle,1
BD1,Bradford,0.9993638676844784
BD10,Bradford,0.9811320754716981
BD11,Kirklees,0.547752808988764
BD12,Bradford,0.9433198380566802
BD13,Bradford,0.9841549295774648
BD14,Bradford,1
BD15,Bradford,1
BD16,Bradford,0.9906382978723405
BD17,Bradford,1
BD18,Bradford,0.981904761904762
BD19,Kirklees,0.9783057851239669
BD2,Bradford,1
BD20,Bradford,0.6593613024420789
BD21,Bradford,0.9862815884476535
BD22,Bradford,0.9152
BD23,Craven,0.9866592551417455
BD24,Craven,1
BD3,Bradford,0.9710789766407119
BD4,Bradford,0.9352068696330992
BD5,Bradford,0.9692307692307692
BD6,Bradford,0.9988950276243094
BD7,Bradford,1
BD8,Bradford,1
BD9,Bradford,1
BD97,Bradford,1
BD98,NA,0.6666666666666666
BD99,Bradford,1
BH1,"Bournemouth, Christchurch and Poole",0.9906728847435043
BH10,"Bournemouth, Christchurch and Poole",1
BH11,"Bournemouth, Christchurch and Poole",0.9972602739726028
BH12,"Bournemouth, Christchurch and Poole",0.9991251093613298
BH13,"Bournemouth, Christchurch and Poole",0.9975845410628019
BH14,"Bournemouth, Christchurch and Poole",1
BH15,"Bournemouth, Christchurch and Poole",0.9866863905325444
BH16,Dorset,0.8189300411522634
BH17,"Bournemouth, Christchurch and Poole",1
BH18,"Bournemouth, Christchurch and Poole",0.9322033898305084
BH19,Dorset,1
BH2,"Bournemouth, Christchurch and Poole",1
BH20,Dorset,0.9851851851851852
BH21,Dorset,0.9268629254829807
BH22,Dorset,0.9968847352024922
BH23,"Bournemouth, Christchurch and Poole",0.9042601923957856
BH24,New Forest,0.767402376910017
BH25,New Forest,0.9972350230414746
BH3,"Bournemouth, Christchurch and Poole",1
BH31,Dorset,0.995260663507109
BH4,"Bournemouth, Christchurch and Poole",1
BH5,"Bournemouth, Christchurch and Poole",1
BH6,"Bournemouth, Christchurch and Poole",1
BH7,"Bournemouth, Christchurch and Poole",1
BH8,"Bournemouth, Christchurch and Poole",1
BH9,"Bournemouth, Christchurch and Poole",1
BL0,Bury,0.7522658610271903
BL1,Bolton,1
BL11,Bolton,1
BL2,Bolton,0.9207988980716253
BL3,Bolton,0.9994450610432852
BL4,Bolton,0.9990530303030303
BL5,Bolton,1
BL6,Bolton,0.9762589928057553
BL7,Bolton,0.6097560975609756
BL78,Bolton,1
BL8,Bury,0.9941214892227302
BL9,Bury,0.9468626342566422
BN1,Brighton and Hove,0.9922671353251318
BN10,Lewes,0.9985422740524781
BN11,Worthing,0.9988980716253444
BN12,Worthing,0.7420066152149944
BN13,Worthing,0.9617373319544984
BN14,Worthing,0.91015625
BN15,Adur,0.996629213483146
BN16,Arun,1
BN17,Arun,1
BN18,Arun,0.9533527696793003
BN2,Brighton and Hove,0.9790648988136776
BN20,Eastbourne,0.771551724137931
BN21,Eastbourne,0.9900062460961899
BN22,Eastbourne,0.8942857142857142
BN23,Eastbourne,0.914519906323185
BN24,Wealden,0.9779411764705882
BN25,Lewes,0.9912663755458515
BN26,Wealden,0.9953917050691244
BN27,Wealden,0.9992937853107344
BN3,Brighton and Hove,0.9996066089693155
BN4,Adur,0.5294535131298793
BN41,Brighton and Hove,0.9410828025477707
BN42,Adur,0.8904109589041096
BN43,Adur,0.9974522292993631
BN44,Horsham,0.9972067039106145
BN45,Mid Sussex,0.875
BN5,Horsham,0.9558498896247241
BN50,Brighton and Hove,0.9730113636363636
BN51,Brighton and Hove,0.9716981132075472
BN52,Brighton and Hove,0.985
BN6,Mid Sussex,0.8970223325062034
BN7,Lewes,0.9814970563498738
BN8,Lewes,0.8262454434993924
BN88,Brighton and Hove,1
BN9,Lewes,0.9981343283582089
BN91,NA,1
BN95,Adur,1
BN99,Adur,0.6559356136820925
BR1,Bromley,0.8607777244359097
BR2,Bromley,1
BR3,Bromley,0.9967074317968015
BR4,Bromley,0.9849246231155779
BR5,Bromley,1
BR6,Bromley,0.9677040516735174
BR7,Bromley,0.9836065573770492
BR8,Sevenoaks,0.9752906976744186
BR98,NA,1
BS0,North Somerset,1
BS1,"Bristol, City of",0.9796725014116319
BS10,"Bristol, City of",0.9163841807909604
BS11,"Bristol, City of",1
BS12,South Gloucestershire,1
BS13,"Bristol, City of",0.9926289926289926
BS14,"Bristol, City of",0.9170013386880856
BS15,South Gloucestershire,0.8824685534591195
BS16,South Gloucestershire,0.5224521671222179
BS17,South Gloucestershire,1
BS18,Bath and North East Somerset,0.7025522041763341
BS19,North Somerset,1
BS2,"Bristol, City of",0.9968421052631579
BS20,North Somerset,0.9945689069925322
BS21,North Somerset,1
BS22,North Somerset,1
BS23,North Somerset,0.9987096774193548
BS24,North Somerset,0.9334836527621195
BS25,North Somerset,0.8108108108108109
BS26,Sedgemoor,0.9342560553633218
BS27,Sedgemoor,0.8073654390934845
BS28,Sedgemoor,0.9831223628691983
BS29,North Somerset,1
BS3,"Bristol, City of",0.9920886075949367
BS30,South Gloucestershire,1
BS31,Bath and North East Somerset,0.9940546967895363
BS32,South Gloucestershire,1
BS34,South Gloucestershire,0.9842454394693201
BS35,South Gloucestershire,1
BS36,South Gloucestershire,0.9879310344827587
BS37,South Gloucestershire,0.9919093851132686
BS38,NA,1
BS39,Bath and North East Somerset,0.9972489683631361
BS4,"Bristol, City of",1
BS40,North Somerset,0.5911730545876888
BS41,North Somerset,0.9595141700404858
BS48,North Somerset,0.9908069458631257
BS49,North Somerset,1
BS5,"Bristol, City of",0.9993577392421323
BS6,"Bristol, City of",0.9943127962085309
BS7,"Bristol, City of",0.921760391198044
BS77,"Bristol, City of",1
BS8,"Bristol, City of",0.9051512673753066
BS80,South Gloucestershire,0.8947368421052632
BS9,"Bristol, City of",0.9828150572831423
BS98,"Bristol, City of",1
BS99,"Bristol, City of",0.9989914271306102
BT1,Belfast,0.7165706973768394
BT10,Belfast,0.7531645569620253
BT11,Belfast,0.990791896869245
BT12,Belfast,0.9936305732484076
BT13,Belfast,0.9309045226130653
BT14,Belfast,0.9720101781170484
BT15,Belfast,0.9893617021276596
BT16,Lisburn and Castlereagh,0.9703989703989704
BT17,Belfast,0.7035256410256411
BT18,Ards and North Down,0.8549618320610687
BT19,Ards and North Down,0.9914712153518124
BT2,Belfast,0.9768115942028985
BT20,Ards and North Down,0.8594871794871795
BT21,Ards and North Down,0.9927536231884058
BT22,Ards and North Down,0.9920634920634921
BT23,Ards and North Down,0.9025322503583373
BT24,"Newry, Mourne and Down",0.9206349206349206
BT25,"Armagh City, Banbridge and Craigavon",0.7813121272365805
BT26,Lisburn and Castlereagh,0.9966887417218543
BT27,Lisburn and Castlereagh,0.9799426934097422
BT28,Lisburn and Castlereagh,0.8852589641434263
BT29,Antrim and Newtownabbey,0.702020202020202
BT3,Belfast,0.9573170731707317
BT30,"Newry, Mourne and Down",0.9571428571428572
BT31,"Newry, Mourne and Down",0.8929765886287625
BT32,"Armagh City, Banbridge and Craigavon",0.9279907084785134
BT33,"Newry, Mourne and Down",0.9851190476190477
BT34,"Newry, Mourne and Down",0.9329305135951662
BT35,"Newry, Mourne and Down",0.8687967369136642
BT36,Antrim and Newtownabbey,0.8596792668957618
BT37,Antrim and Newtownabbey,0.9941089837997055
BT38,Mid and East Antrim,0.934762348555452
BT39,Antrim and Newtownabbey,0.9055472263868066
BT4,Belfast,0.8963675213675214
BT40,Mid and East Antrim,0.9369469026548672
BT41,Antrim and Newtownabbey,0.9256756756756757
BT42,Mid and East Antrim,0.8670576735092864
BT43,Mid and East Antrim,0.9929078014184397
BT44,Causeway Coast and Glens,0.46938775510204084
BT45,Mid Ulster,0.957847533632287
BT46,Mid Ulster,0.9693251533742331
BT47,Derry City and Strabane,0.8497495826377296
BT48,Derry City and Strabane,0.9650395778364116
BT49,Causeway Coast and Glens,0.990909090909091
BT5,Belfast,0.859663191659984
BT51,Causeway Coast and Glens,0.9580973952434881
BT52,Causeway Coast and Glens,0.8729641693811075
BT53,Causeway Coast and Glens,0.9903498190591074
BT54,Causeway Coast and Glens,1
BT55,Causeway Coast and Glens,0.9969879518072289
BT56,Causeway Coast and Glens,0.9850746268656716
BT57,Causeway Coast and Glens,0.9947643979057592
BT58,NA,1
BT6,Belfast,0.9582772543741588
BT60,"Armagh City, Banbridge and Craigavon",0.926923076923077
BT61,"Armagh City, Banbridge and Craigavon",0.9132492113564669
BT62,"Armagh City, Banbridge and Craigavon",0.9911991199119912
BT63,"Armagh City, Banbridge and Craigavon",0.9928698752228164
BT64,"Armagh City, Banbridge and Craigavon",0.9281045751633987
BT65,"Armagh City, Banbridge and Craigavon",0.73
BT66,"Armagh City, Banbridge and Craigavon",0.9898762654668166
BT67,"Armagh City, Banbridge and Craigavon",0.5596330275229358
BT68,Mid Ulster,0.9811320754716981
BT69,Mid Ulster,1
BT7,Belfast,0.9825949367088608
BT70,Mid Ulster,0.8828715365239295
BT71,Mid Ulster,0.8917525773195877
BT74,Fermanagh and Omagh,0.9347604485219164
BT75,Mid Ulster,0.5483870967741935
BT76,Mid Ulster,0.9493670886075949
BT77,Mid Ulster,1
BT78,Fermanagh and Omagh,0.8297236743838685
BT79,Fermanagh and Omagh,0.9069097888675623
BT8,Lisburn and Castlereagh,0.7374551971326165
BT80,Mid Ulster,0.9597402597402598
BT81,Derry City and Strabane,0.9905362776025236
BT82,Derry City and Strabane,0.9911616161616161
BT9,Belfast,0.9705882352941176
BT92,Fermanagh and Omagh,0.9993403693931399
BT93,Fermanagh and Omagh,0.9963269054178145
BT94,Fermanagh and Omagh,0.9980750721847931
BT99,NA,0.8
CA1,Carlisle,1
CA10,Eden,1
CA11,Eden,1
CA12,Allerdale,0.945750452079566
CA13,Allerdale,0.9959404600811907
CA14,Allerdale,0.9259024699176694
CA15,Allerdale,1
CA16,Eden,1
CA17,Eden,1
CA18,Copeland,1
CA19,Copeland,1
CA2,Carlisle,1
CA20,Copeland,1
CA21,Copeland,1
CA22,Copeland,1
CA23,Copeland,1
CA24,Copeland,1
CA25,Copeland,1
CA26,Copeland,1
CA27,Copeland,1
CA28,Copeland,1
CA3,Carlisle,1
CA4,Carlisle,0.7220543806646526
CA5,Allerdale,0.75
CA6,Carlisle,0.7364532019704434
CA7,Allerdale,0.9879245283018868
CA8,Carlisle,0.8477011494252874
CA9,Eden,0.9753694581280788
CA95,Allerdale,1
CA99,Carlisle,1
CB1,Cambridge,0.78014440433213
CB10,Uttlesford,0.9508599508599509
CB11,Uttlesford,1
CB2,Cambridge,0.6768603465851172
CB21,South Cambridgeshire,0.9248554913294798
CB22,South Cambridgeshire,0.93
CB23,South Cambridgeshire,0.9305135951661632
CB24,South Cambridgeshire,0.9609120521172638
CB25,East Cambridgeshire,0.5610236220472441
CB3,South Cambridgeshire,0.6532697547683923
CB4,South Cambridgeshire,0.5041816009557945
CB5,Cambridge,0.5057603686635944
CB6,East Cambridgeshire,0.9961277831558567
CB7,East Cambridgeshire,0.9960552268244576
CB8,West Suffolk,0.7720870678617158
CB9,West Suffolk,0.9028741328047571
CF1,Cardiff,0.9930525401650022
CF10,Cardiff,1
CF11,Cardiff,0.9876288659793815
CF14,Cardiff,0.9977396021699819
CF15,Cardiff,0.7760736196319018
CF2,Cardiff,1
CF21,NA,1
CF23,Cardiff,0.9450726978998385
CF24,Cardiff,1
CF3,Cardiff,0.9163244353182751
CF30,Cardiff,0.9894736842105263
CF31,Bridgend,1
CF32,Bridgend,0.9290465631929047
CF33,Bridgend,0.9774647887323944
CF34,Bridgend,0.9979674796747967
CF35,Bridgend,0.8626373626373627
CF36,Bridgend,0.9981916817359855
CF37,Rhondda Cynon Taf,0.9925124792013311
CF38,Rhondda Cynon Taf,1
CF39,Rhondda Cynon Taf,0.9756468797564688
CF4,Cardiff,0.9509466437177281
CF40,Rhondda Cynon Taf,0.9184952978056427
CF41,Rhondda Cynon Taf,1
CF42,Rhondda Cynon Taf,0.9973821989528796
CF43,Rhondda Cynon Taf,0.996875
CF44,Rhondda Cynon Taf,0.9933554817275747
CF45,Rhondda Cynon Taf,0.9959266802443992
CF46,Merthyr Tydfil,0.7268170426065163
CF47,Merthyr Tydfil,0.9865525672371638
CF48,Merthyr Tydfil,0.9910414333706606
CF5,Cardiff,0.9033970276008493
CF6,Vale of Glamorgan,0.9995583038869258
CF61,Vale of Glamorgan,0.9962546816479401
CF62,Vale of Glamorgan,1
CF63,Vale of Glamorgan,0.9686162624821684
CF64,Vale of Glamorgan,0.9984152139461173
CF7,Rhondda Cynon Taf,0.6472819216182049
CF71,Vale of Glamorgan,0.9951338199513382
CF72,Rhondda Cynon Taf,0.9676258992805755
CF8,Caerphilly,0.9975903614457832
CF81,Caerphilly,1
CF82,Caerphilly,1
CF83,Caerphilly,0.9966329966329966
CF91,Cardiff,1
CF95,Cardiff,1
CF99,Cardiff,1
CH1,Cheshire West and Chester,0.9890764647467726
CH2,Cheshire West and Chester,1
CH25,Wirral,1
CH26,Wirral,0.9879518072289156
CH27,Wirral,1
CH28,Wirral,0.9565217391304348
CH29,Wirral,0.9732142857142857
CH3,Cheshire West and Chester,0.9984732824427481
CH30,Wirral,1
CH31,Wirral,1
CH32,Wirral,1
CH33,Cheshire West and Chester,0.9615384615384616
CH34,Cheshire West and Chester,0.9928571428571429
CH4,Cheshire West and Chester,0.5857519788918206
CH41,Wirral,1
CH42,Wirral,1
CH43,Wirral,1
CH44,Wirral,1
CH45,Wirral,1
CH46,Wirral,1
CH47,Wirral,1
CH48,Wirral,1
CH49,Wirral,1
CH5,Flintshire,0.9978962131837307
CH6,Flintshire,0.9982547993019197
CH60,Wirral,1
CH61,Wirral,1
CH62,Wirral,0.9989690721649485
CH63,Wirral,0.9989462592202318
CH64,Cheshire West and Chester,0.9908015768725361
CH65,Cheshire West and Chester,0.993801652892562
CH66,Cheshire West and Chester,1
CH7,Flintshire,0.9315628192032687
CH70,Cheshire West and Chester,0.9607843137254902
CH8,Flintshire,0.9987546699875467
CH88,Cheshire West and Chester,1
CH99,Cheshire West and Chester,1
CM0,Maldon,1
CM1,Chelmsford,0.9898403483309144
CM11,Basildon,0.8291457286432161
CM12,Basildon,0.9795180722891567
CM13,Brentwood,0.9657676348547718
CM14,Brentwood,0.9980657640232108
CM15,Brentwood,0.9975490196078431
CM16,Epping Forest,1
CM17,Harlow,0.8453125
CM18,Harlow,0.9950819672131147
CM19,Harlow,0.8261617900172117
CM2,Chelmsford,1
CM20,Harlow,0.9674185463659147
CM21,East Hertfordshire,0.6899563318777293
CM22,Uttlesford,0.8152011922503726
CM23,East Hertfordshire,0.9266826923076923
CM24,Uttlesford,1
CM3,Chelmsford,0.6829497416627525
CM4,Brentwood,0.6389830508474577
CM5,Epping Forest,0.9851485148514851
CM6,Uttlesford,0.9216216216216216
CM7,Braintree,0.9917695473251029
CM77,Braintree,0.9901960784313726
CM8,Braintree,0.9061728395061729
CM9,Maldon,0.9914893617021276
CM92,Harlow,1
CM98,Chelmsford,0.9523809523809523
CM99,Chelmsford,1
CO1,Colchester,0.9982174688057041
CO10,Babergh,0.8295792605184871
CO11,Tendring,0.8218562874251497
CO12,Tendring,0.9924906132665833
CO13,Tendring,0.9853747714808044
CO14,Tendring,1
CO15,Tendring,1
CO16,Tendring,1
CO2,Colchester,1
CO3,Colchester,0.9993074792243767
CO4,Colchester,0.9882283696291937
CO5,Colchester,0.8102734051367025
CO6,Colchester,0.4724576271186441
CO7,Tendring,0.590566037735849
CO8,Braintree,0.4647887323943662
CO9,Braintree,0.9923273657289002
CR0,Croydon,0.9585365853658536
CR2,Croydon,0.9734188817598534
CR3,Tandridge,0.6599587203302374
CR4,Merton,0.6536753823384311
CR44,NA,0.6206896551724138
CR5,Croydon,0.8066666666666666
CR6,Tandridge,0.9576271186440678
CR7,Croydon,0.9695121951219512
CR8,Croydon,0.9575389948006933
CR9,Croydon,0.9800942902042954
CR90,Croydon,0.826865671641791
CT1,Canterbury,1
CT10,Thanet,0.9880952380952381
CT11,Thanet,0.9872988992379339
CT12,Thanet,1
CT13,Dover,0.994475138121547
CT14,Dover,0.9936619718309859
CT15,Dover,0.9635568513119533
CT16,Dover,0.9989583333333333
CT17,Dover,1
CT18,Folkestone and Hythe,0.8568627450980392
CT19,Folkestone and Hythe,1
CT2,Canterbury,0.9909365558912386
CT20,Folkestone and Hythe,1
CT21,Folkestone and Hythe,0.9941656942823804
CT3,Dover,0.5915813424345847
CT4,Canterbury,0.6677083333333333
CT5,Canterbury,0.9885931558935361
CT50,Folkestone and Hythe,1
CT6,Canterbury,0.9910647803425168
CT7,Thanet,0.997920997920998
CT8,Thanet,1
CT9,Thanet,0.999409681227863
CV1,Coventry,1
CV10,Nuneaton and Bedworth,0.8413502109704641
CV11,Nuneaton and Bedworth,0.98203125
CV12,Nuneaton and Bedworth,0.9626865671641791
CV13,Hinckley and Bosworth,0.906801007556675
CV2,Coventry,0.9928664072632944
CV21,Rugby,0.9301423027166882
CV22,Rugby,0.9770742358078602
CV23,Rugby,0.7254901960784313
CV3,Coventry,0.9517060367454068
CV31,Warwick,0.9975124378109452
CV32,Warwick,0.9992331288343558
CV33,Stratford-on-Avon,0.7213793103448276
CV34,Warwick,0.9985905567300916
CV35,Stratford-on-Avon,0.5408593091828138
CV36,Stratford-on-Avon,1
CV37,Stratford-on-Avon,0.9815071659731854
CV4,Coventry,0.9891186071817193
CV47,Stratford-on-Avon,0.9962406015037594
CV5,Coventry,0.9898391193903472
CV6,Coventry,0.9743217054263565
CV7,Solihull,0.31243358129649307
CV8,Warwick,0.8342245989304813
CV9,North Warwickshire,0.8727705112960761
CW1,Cheshire East,1
CW10,Cheshire East,0.8181818181818182
CW11,Cheshire East,1
CW12,Cheshire East,0.9843193157519601
CW2,Cheshire East,0.99140625
CW3,Newcastle-under-Lyme,0.47804878048780486
CW4,Cheshire East,0.9674620390455532
CW5,Cheshire East,0.9899146625290923
CW6,Cheshire West and Chester,0.8056628056628057
CW7,Cheshire West and Chester,0.9861676159479251
CW8,Cheshire West and Chester,1
CW9,Cheshire West and Chester,0.9653284671532847
CW98,Cheshire East,1
DA1,Dartford,0.82574568288854
DA10,Dartford,0.9968253968253968
DA11,Gravesham,0.9805068226120858
DA12,Gravesham,1
DA13,Gravesham,0.8617234468937875
DA14,Bexley,0.96875
DA15,Bexley,0.9787985865724381
DA16,Bexley,0.9986595174262735
DA17,Bexley,0.9588235294117647
DA18,Bexley,1
DA2,Dartford,0.9953488372093023
DA3,Sevenoaks,0.5770676691729323
DA4,Sevenoaks,0.7573770491803279
DA5,Bexley,0.833592534992224
DA6,Bexley,1
DA7,Bexley,1
DA8,Bexley,0.9979188345473465
DA9,Dartford,1
DD1,Dundee City,0.9984579799537394
DD10,Angus,0.7121019108280254
DD11,Angus,0.9972375690607734
DD2,Dundee City,0.8659420289855072
DD3,Dundee City,0.959480122324159
DD4,Dundee City,0.9654934437543133
DD5,Dundee City,0.6931124673060157
DD6,Fife,0.9787798408488063
DD7,Angus,0.9928571428571429
DD8,Angus,1
DD9,Angus,0.9552845528455285
DE1,Derby,0.996080627099664
DE11,South Derbyshire,0.9548989113530326
DE12,North West Leicestershire,0.5795981452859351
DE13,East Staffordshire,0.8934646374216652
DE14,East Staffordshire,0.9992119779353822
DE15,East Staffordshire,0.8023850085178875
DE2,Derby,0.9359397079604334
DE21,Derby,0.9362880886426593
DE22,Derby,0.9457167090754877
DE23,Derby,0.9699872286079183
DE24,Derby,0.8666134185303515
DE3,Derby,0.966262319939348
DE4,Derbyshire Dales,0.9026717557251909
DE45,Derbyshire Dales,0.9949238578680203
DE5,Amber Valley,0.869540555870675
DE55,Amber Valley,0.5720081135902637
DE56,Amber Valley,0.9917423616845582
DE6,Derbyshire Dales,0.538781163434903
DE65,South Derbyshire,0.9984939759036144
DE7,Erewash,0.6126025354213274
DE72,Erewash,0.621832358674464
DE73,Derby,0.4663820704375667
DE74,North West Leicestershire,0.8801020408163265
DE75,Amber Valley,0.9633251833740831
DE99,Derby,0.6666666666666666
DG1,Dumfries and Galloway,1
DG10,Dumfries and Galloway,0.9800796812749004
DG11,Dumfries and Galloway,0.99860529986053
DG12,Dumfries and Galloway,1
DG13,Dumfries and Galloway,1
DG14,Dumfries and Galloway,0.9880952380952381
DG16,Dumfries and Galloway,0.9685534591194969
DG2,Dumfries and Galloway,1
DG3,Dumfries and Galloway,1
DG4,Dumfries and Galloway,1
DG5,Dumfries and Galloway,1
DG6,Dumfries and Galloway,0.98989898989899
DG7,Dumfries and Galloway,0.9986541049798116
DG8,Dumfries and Galloway,0.9978540772532188
DG9,Dumfries and Galloway,1
DH1,County Durham,0.9994972347913524
DH2,County Durham,0.9815455594002307
DH3,County Durham,0.6091743119266055
DH4,Sunderland,0.8423772609819121
DH5,Sunderland,0.9954545454545455
DH6,County Durham,1
DH7,County Durham,1
DH8,County Durham,0.9421296296296297
DH9,County Durham,0.9978783592644979
DH97,County Durham,1
DH98,Gateshead,0.6666666666666666
DH99,County Durham,1
DL1,Darlington,0.9960218796618597
DL10,Richmondshire,0.9883408071748879
DL11,Richmondshire,0.9326530612244898
DL12,County Durham,0.9953542392566783
DL13,County Durham,1
DL14,County Durham,1
DL15,County Durham,1
DL16,County Durham,1
DL17,County Durham,1
DL2,Darlington,0.6497354497354497
DL3,Darlington,1
DL4,County Durham,0.9917355371900827
DL5,County Durham,0.917340521114106
DL6,Hambleton,0.9936628643852978
DL7,Hambleton,0.9680412371134021
DL8,Richmondshire,0.6309707241910631
DL9,Richmondshire,1
DL98,Darlington,1
DN1,Doncaster,0.9643478260869566
DN10,Bassetlaw,0.6577777777777778
DN11,Doncaster,0.7059436913451512
DN12,Doncaster,0.9986504723346828
DN14,East Riding of Yorkshire,0.7971014492753623
DN15,North Lincolnshire,1
DN16,North Lincolnshire,1
DN17,North Lincolnshire,0.9946666666666667
DN18,North Lincolnshire,1
DN19,North Lincolnshire,1
DN2,Doncaster,1
DN20,North Lincolnshire,0.9809069212410502
DN21,West Lindsey,0.8945147679324894
DN22,Bassetlaw,1
DN3,Doncaster,1
DN31,North East Lincolnshire,1
DN32,North East Lincolnshire,0.9989094874591058
DN33,North East Lincolnshire,1
DN34,North East Lincolnshire,1
DN35,North East Lincolnshire,1
DN36,North East Lincolnshire,0.5622377622377622
DN37,North East Lincolnshire,0.872745490981964
DN38,North Lincolnshire,0.639344262295082
DN39,North Lincolnshire,0.9424460431654677
DN4,Doncaster,1
DN40,North East Lincolnshire,0.7802907915993538
DN41,North East Lincolnshire,0.7316176470588235
DN5,Doncaster,0.9974337040205303
DN55,Doncaster,1
DN6,Doncaster,0.9758793969849247
DN7,Doncaster,1
DN8,Doncaster,0.9718804920913884
DN9,North Lincolnshire,0.6122209165687427
DT1,Dorset,0.9703770197486535
DT10,Dorset,0.9963963963963964
DT11,Dorset,0.9792592592592593
DT2,Dorset,1
DT3,Dorset,1
DT4,Dorset,0.9898853674983142
DT5,Dorset,1
DT6,Dorset,0.9991789819376026
DT7,Dorset,0.7032640949554896
DT8,Dorset,0.9962962962962963
DT9,Dorset,0.8567591763652641
DY1,Dudley,1
DY10,Wyre Forest,0.9787072243346008
DY11,Wyre Forest,0.9074410163339383
DY12,Wyre Forest,0.8717948717948718
DY13,Wyre Forest,0.8832035595105673
DY14,Shropshire,0.6157205240174672
DY2,Dudley,1
DY3,Dudley,0.8979591836734694
DY4,Sandwell,0.9712
DY5,Dudley,0.9927243330638642
DY6,Dudley,0.9783037475345168
DY7,South Staffordshire,0.832579185520362
DY8,Dudley,0.9691394658753709
DY9,Dudley,0.6654578422484134
E1,Tower Hamlets,0.9616410940627085
E10,Waltham Forest,0.9785905441570026
E11,Waltham Forest,0.7491749174917491
E12,Newham,0.9026063100137174
E13,Newham,0.9914893617021276
E14,Tower Hamlets,0.9996539792387543
E15,Newham,0.9282329045362221
E16,Newham,0.886685552407932
E17,Waltham Forest,1
E18,Redbridge,0.9788199697428139
E1W,Tower Hamlets,0.9444444444444444
E2,Tower Hamlets,0.8344870988042794
E20,Newham,0.8858447488584474
E3,Tower Hamlets,0.9772727272727273
E4,Waltham Forest,0.9593810444874274
E5,Hackney,0.9820051413881749
E6,Newham,0.9984748347737672
E7,Newham,0.9471698113207547
E77,Tower Hamlets,1
E8,Hackney,0.7409638554216867
E9,Hackney,0.7521367521367521
E98,Tower Hamlets,1
EC1A,City of London,0.6331168831168831
EC1M,Islington,0.8861480075901328
EC1N,Camden,0.7426900584795322
EC1P,Islington,1
EC1R,Islington,0.8155172413793104
EC1V,Islington,0.9397705544933078
EC1Y,Islington,0.898876404494382
EC2A,Hackney,0.5289617486338798
EC2M,City of London,0.8329268292682926
EC2N,City of London,0.9128787878787878
EC2P,Islington,0.9432432432432433
EC2R,City of London,0.886685552407932
EC2V,City of London,0.9232456140350878
EC2Y,City of London,0.7619047619047619
EC3A,City of London,0.9428007889546351
EC3B,City of London,1
EC3M,City of London,0.9541666666666667
EC3N,City of London,0.8010204081632653
EC3P,Islington,0.8278688524590164
EC3R,City of London,0.9166666666666666
EC3V,City of London,0.9481268011527377
EC4A,City of London,0.88671875
EC4M,City of London,0.9064327485380117
EC4N,City of London,0.8844086021505376
EC4P,Islington,0.8857142857142857
EC4R,City of London,0.9301470588235294
EC4V,City of London,0.9380733944954128
EC4Y,City of London,0.8856447688564477
EC50,Islington,1
EC88,Hackney,0.8873239436619719
EH1,City of Edinburgh,0.996078431372549
EH10,City of Edinburgh,0.9904264577893821
EH11,City of Edinburgh,0.9992248062015504
EH12,City of Edinburgh,0.9988365328679465
EH13,City of Edinburgh,1
EH14,City of Edinburgh,0.9984326018808778
EH15,City of Edinburgh,1
EH16,City of Edinburgh,0.9974160206718347
EH17,City of Edinburgh,0.9968354430379747
EH18,Midlothian,0.9919354838709677
EH19,Midlothian,0.9956521739130435
EH2,City of Edinburgh,0.9987421383647799
EH20,Midlothian,1
EH21,East Lothian,0.9546511627906977
EH22,Midlothian,0.99609375
EH23,Midlothian,1
EH24,Midlothian,1
EH25,Midlothian,0.993421052631579
EH26,Midlothian,0.9886178861788618
EH27,West Lothian,0.8928571428571429
EH28,City of Edinburgh,0.9096045197740112
EH29,City of Edinburgh,0.9924242424242424
EH3,City of Edinburgh,0.9861842105263158
EH30,City of Edinburgh,0.986013986013986
EH31,East Lothian,1
EH32,East Lothian,0.9966044142614601
EH33,East Lothian,1
EH34,East Lothian,1
EH35,East Lothian,1
EH36,East Lothian,1
EH37,Midlothian,0.9711538461538461
EH38,Scottish Borders,0.9333333333333333
EH39,East Lothian,0.9979674796747967
EH4,City of Edinburgh,0.99496336996337
EH40,East Lothian,1
EH41,East Lothian,1
EH42,East Lothian,0.9492753623188406
EH43,Scottish Borders,1
EH44,Scottish Borders,1
EH45,Scottish Borders,0.9977272727272727
EH46,Scottish Borders,0.9212598425196851
EH47,West Lothian,0.9975579975579976
EH48,West Lothian,0.9920494699646644
EH49,West Lothian,0.8954954954954955
EH5,City of Edinburgh,1
EH51,Falkirk,0.9895833333333334
EH52,West Lothian,0.9953632148377125
EH53,West Lothian,0.9936102236421726
EH54,West Lothian,1
EH55,West Lothian,0.9579288025889967
EH6,City of Edinburgh,0.9958620689655172
EH7,City of Edinburgh,0.9991266375545852
EH77,NA,1
EH8,City of Edinburgh,1
EH9,City of Edinburgh,0.9919137466307277
EH91,City of Edinburgh,1
EH95,City of Edinburgh,1
EH99,City of Edinburgh,1
EN1,Enfield,1
EN10,Broxbourne,0.9139414802065404
EN11,Broxbourne,0.9830960854092526
EN2,Enfield,0.9983164983164983
EN3,Enfield,1
EN4,Barnet,0.7547592385218365
EN5,Barnet,0.9820224719101124
EN6,Hertsmere,0.7928370786516854
EN7,Broxbourne,0.9967373572593801
EN77,NA,1
EN8,Broxbourne,0.9718120805369127
EN9,Epping Forest,0.8839080459770114
EX1,Exeter,0.9412568306010929
EX10,East Devon,1
EX11,East Devon,1
EX12,East Devon,0.9949579831932773
EX13,East Devon,0.9947753396029259
EX14,East Devon,0.9966405375139977
EX15,Mid Devon,0.9301181102362205
EX16,Mid Devon,0.9438902743142145
EX17,Mid Devon,0.9489177489177489
EX18,North Devon,0.3783783783783784
EX19,Torridge,0.7936507936507936
EX2,Exeter,0.942578548212351
EX20,West Devon,0.9434121621621622
EX21,Torridge,0.8461538461538461
EX22,Torridge,0.884272997032641
EX23,Cornwall,0.9963547995139733
EX24,East Devon,1
EX3,Exeter,0.7647058823529411
EX31,North Devon,0.978405315614618
EX32,North Devon,1
EX33,North Devon,1
EX34,North Devon,0.9929161747343566
EX35,North Devon,0.9869281045751634
EX36,North Devon,0.9978768577494692
EX37,North Devon,0.8310502283105022
EX38,Torridge,0.9814814814814815
EX39,Torridge,0.9490683229813665
EX4,Exeter,0.9671272034302049
EX5,East Devon,0.7660728117738187
EX6,Teignbridge,0.8441860465116279
EX7,Teignbridge,0.9771986970684039
EX8,East Devon,0.9901408450704225
EX9,East Devon,0.9875621890547264
FK1,Falkirk,0.990506329113924
FK10,Clackmannanshire,0.8909257561869844
FK11,Clackmannanshire,1
FK12,Clackmannanshire,1
FK13,Clackmannanshire,1
FK14,Clackmannanshire,0.8497409326424871
FK15,Stirling,0.8538135593220338
FK16,Stirling,1
FK17,Stirling,1
FK18,Stirling,1
FK19,Stirling,1
FK2,Falkirk,0.9935391241923905
FK20,Stirling,0.9642857142857143
FK21,Stirling,0.9642857142857143
FK3,Falkirk,1
FK4,Falkirk,0.9922680412371134
FK5,Falkirk,0.9981132075471698
FK6,Falkirk,0.9836065573770492
FK7,Stirling,0.994392523364486
FK8,Stirling,1
FK9,Stirling,0.9981308411214953
FY0,Fylde,1
FY1,Blackpool,1
FY2,Blackpool,1
FY3,Blackpool,0.8802336903602727
FY4,Blackpool,0.9231297185998627
FY5,Wyre,0.7574950033311126
FY6,Wyre,0.9519230769230769
FY7,Wyre,0.9977037887485649
FY8,Fylde,0.9983792544570502
G1,Glasgow City,0.9983660130718954
G11,Glasgow City,0.9975031210986267
G12,Glasgow City,1
G13,Glasgow City,0.9981751824817519
G14,Glasgow City,0.9982993197278912
G15,Glasgow City,0.9982788296041308
G2,Glasgow City,0.9831894593366651
G20,Glasgow City,0.9991922455573505
G21,Glasgow City,0.9980372914622179
G22,Glasgow City,1
G23,Glasgow City,1
G3,Glasgow City,0.9990566037735849
G31,Glasgow City,0.9990925589836661
G32,Glasgow City,1
G33,Glasgow City,0.8677098150782361
G34,Glasgow City,1
G4,Glasgow City,1
G40,Glasgow City,1
G41,Glasgow City,1
G42,Glasgow City,0.996309963099631
G43,Glasgow City,0.9544626593806922
G44,Glasgow City,0.8426150121065376
G45,Glasgow City,0.9907407407407407
G46,East Renfrewshire,0.7174603174603175
G5,Glasgow City,0.9986595174262735
G51,Glasgow City,0.9899916597164303
G52,Glasgow City,0.7527985074626866
G53,Glasgow City,0.9944444444444445
G58,Glasgow City,1
G59,NA,1
G60,West Dunbartonshire,0.9902912621359223
G61,East Dunbartonshire,0.9864341085271318
G62,East Dunbartonshire,0.9878260869565217
G63,Stirling,0.9898373983739838
G64,East Dunbartonshire,0.9838012958963283
G65,North Lanarkshire,0.580952380952381
G66,East Dunbartonshire,0.9637070641607258
G67,North Lanarkshire,0.997979797979798
G68,North Lanarkshire,0.988558352402746
G69,North Lanarkshire,0.5120859444941809
G70,North Lanarkshire,1
G71,South Lanarkshire,0.5567190226876091
G72,South Lanarkshire,0.9985974754558204
G73,South Lanarkshire,0.9604037267080745
G74,South Lanarkshire,0.9985239852398524
G75,South Lanarkshire,0.9989795918367347
G76,East Renfrewshire,0.9001297016861219
G77,East Renfrewshire,0.9975932611311673
G78,East Renfrewshire,0.9854545454545455
G79,South Lanarkshire,1
G80,Glasgow City,1
G81,West Dunbartonshire,0.9984
G82,West Dunbartonshire,0.8772770853307766
G83,West Dunbartonshire,0.8994974874371859
G84,Argyll and Bute,1
G9,Glasgow City,0.72
G90,Glasgow City,1
GIR,NA,1
GL1,Gloucester,0.9914477703115455
GL10,Stroud,1
GL11,Stroud,0.9960369881109643
GL12,Stroud,0.5656742556917689
GL13,Stroud,0.960431654676259
GL14,Forest of Dean,0.9988109393579072
GL15,Forest of Dean,0.9989361702127659
GL16,Forest of Dean,0.9982547993019197
GL17,Forest of Dean,0.9921671018276762
GL18,Forest of Dean,0.9754768392370572
GL19,Forest of Dean,0.4657534246575342
GL2,Gloucester,0.661373190098085
GL20,Tewkesbury,0.8303130148270181
GL3,Tewkesbury,0.7468051118210862
GL4,Gloucester,0.9237961664329126
GL5,Stroud,1
GL50,Cheltenham,1
GL51,Cheltenham,0.88828089375285
GL52,Cheltenham,0.5621042377009254
GL53,Cheltenham,0.9295010845986985
GL54,Cotswold,0.6828897338403042
GL55,Cotswold,0.9917582417582418
GL56,Cotswold,0.8922610015174507
GL6,Stroud,0.9854469854469855
GL7,Cotswold,0.9585342333654774
GL8,Cotswold,0.9904761904761905
GL9,South Gloucestershire,0.8095238095238095
GU1,Guildford,1
GU10,Waverley,0.6532258064516129
GU11,Rushmoor,0.9982668977469671
GU12,Guildford,0.5564681724845996
GU13,Hart,0.9990766389658357
GU14,Rushmoor,0.9942196531791907
GU15,Surrey Heath,0.8792165397170838
GU16,Surrey Heath,0.9905902480752781
GU17,Hart,0.7093253968253969
GU18,Surrey Heath,0.9367088607594937
GU19,Surrey Heath,0.9767441860465116
GU2,Guildford,1
GU20,Surrey Heath,0.932806324110672
GU21,Woking,0.9980961446930033
GU22,Woking,1
GU23,Guildford,0.8534031413612565
GU24,Surrey Heath,0.663760896637609
GU25,Runnymede,1
GU26,Waverley,0.663013698630137
GU27,Waverley,0.7743966421825813
GU28,Chichester,1
GU29,Chichester,1
GU3,Guildford,0.9744990892531876
GU30,East Hampshire,0.8990825688073395
GU31,East Hampshire,0.6709558823529411
GU32,East Hampshire,0.94375
GU33,East Hampshire,0.9269911504424779
GU34,East Hampshire,0.9970095693779905
GU35,East Hampshire,1
GU4,Guildford,0.9617737003058104
GU46,Hart,0.8284424379232506
GU47,Bracknell Forest,0.965742251223491
GU5,Guildford,0.5511265164644714
GU51,Hart,1
GU52,Hart,1
GU6,Waverley,1
GU7,Waverley,0.9721048182586645
GU8,Waverley,0.9617169373549884
GU9,Waverley,1
GU95,Surrey Heath,1
GY1,NA,1
GY10,NA,1
GY2,NA,1
GY3,NA,1
GY4,NA,1
GY5,NA,1
GY6,NA,1
GY7,NA,1
GY8,NA,1
GY9,NA,1
HA0,Brent,0.9844816883923029
HA1,Harrow,0.9733861834654587
HA2,Harrow,0.9963547995139733
HA3,Harrow,0.8165094339622642
HA4,Hillingdon,0.9977924944812362
HA5,Harrow,0.8201591511936339
HA6,Hillingdon,0.7887579329102448
HA7,Harrow,0.9877384196185286
HA8,Barnet,0.7282746926663841
HA9,Brent,1
HD1,Kirklees,1
HD2,Kirklees,0.9868421052631579
HD3,Kirklees,0.9672955974842767
HD4,Kirklees,1
HD5,Kirklees,0.9976851851851852
HD6,Calderdale,0.9898148148148148
HD7,Kirklees,0.9962182603997839
HD8,Kirklees,0.9983539094650206
HD9,Kirklees,0.9931553730321697
HG1,Harrogate,1
HG2,Harrogate,1
HG3,Harrogate,0.9993055555555556
HG4,Harrogate,0.9424743892829
HG5,Harrogate,0.9929906542056075
HP1,Dacorum,1
HP10,Buckinghamshire,1
HP11,Buckinghamshire,1
HP12,Buckinghamshire,0.9800703399765534
HP13,Buckinghamshire,1
HP14,Buckinghamshire,0.9944979367262724
HP15,Buckinghamshire,0.9893129770992366
HP16,Buckinghamshire,1
HP17,Buckinghamshire,1
HP18,Buckinghamshire,0.9803921568627451
HP19,Buckinghamshire,1
HP2,Dacorum,0.9934687953555879
HP20,Buckinghamshire,1
HP21,Buckinghamshire,1
HP22,Buckinghamshire,0.9992313604919293
HP23,Dacorum,0.9207383279044516
HP27,Buckinghamshire,0.998422712933754
HP3,Dacorum,0.977205153617443
HP4,Dacorum,0.9750644883920895
HP5,Buckinghamshire,0.989935956084172
HP6,Buckinghamshire,1
HP7,Buckinghamshire,0.9981412639405205
HP8,Buckinghamshire,0.9968553459119497
HP9,Buckinghamshire,0.9917840375586855
HR1,"Herefordshire, County of",1
HR2,"Herefordshire, County of",1
HR3,"Herefordshire, County of",0.53
HR4,"Herefordshire, County of",1
HR5,"Herefordshire, County of",0.8631578947368421
HR6,"Herefordshire, County of",1
HR7,"Herefordshire, County of",0.9881656804733728
HR8,"Herefordshire, County of",0.9496296296296296
HR9,"Herefordshire, County of",0.9904942965779467
HS1,Na h-Eileanan Siar,1
HS2,Na h-Eileanan Siar,1
HS3,Na h-Eileanan Siar,1
HS4,Na h-Eileanan Siar,1
HS5,Na h-Eileanan Siar,1
HS6,Na h-Eileanan Siar,1
HS7,Na h-Eileanan Siar,1
HS8,Na h-Eileanan Siar,1
HS9,Na h-Eileanan Siar,1
HU1,"Kingston upon Hull, City of",1
HU10,East Riding of Yorkshire,0.9985294117647059
HU11,East Riding of Yorkshire,0.8703703703703703
HU12,East Riding of Yorkshire,0.9368191721132898
HU13,East Riding of Yorkshire,0.9911816578483245
HU14,East Riding of Yorkshire,1
HU15,East Riding of Yorkshire,1
HU16,East Riding of Yorkshire,1
HU17,East Riding of Yorkshire,1
HU18,East Riding of Yorkshire,1
HU19,East Riding of Yorkshire,1
HU2,"Kingston upon Hull, City of",0.9893899204244032
HU20,East Riding of Yorkshire,1
HU3,"Kingston upon Hull, City of",1
HU4,"Kingston upon Hull, City of",0.8590476190476191
HU5,"Kingston upon Hull, City of",0.9457308248914617
HU55,NA,1
HU6,"Kingston upon Hull, City of",0.9428223844282239
HU7,"Kingston upon Hull, City of",0.9709241952232607
HU8,"Kingston upon Hull, City of",0.9990291262135922
HU9,"Kingston upon Hull, City of",1
HX1,Calderdale,1
HX2,Calderdale,1
HX3,Calderdale,0.9982658959537573
HX4,Calderdale,0.9942307692307693
HX5,Calderdale,1
HX6,Calderdale,1
HX7,Calderdale,0.9924242424242424
IG1,Redbridge,0.9986244841815681
IG10,Epping Forest,0.9991349480968859
IG11,Barking and Dagenham,0.9825762289981331
IG2,Redbridge,1
IG3,Redbridge,1
IG4,Redbridge,0.9911894273127754
IG5,Redbridge,1
IG6,Redbridge,1
IG7,Epping Forest,0.5875968992248062
IG8,Redbridge,0.7819185645272602
IG9,Epping Forest,0.7942583732057417
IM1,NA,1
IM2,NA,1
IM3,NA,1
IM4,NA,1
IM5,NA,1
IM6,NA,1
IM7,NA,1
IM8,NA,1
IM86,NA,1
IM9,NA,1
IM99,NA,1
IP1,Ipswich,0.9911699779249448
IP10,East Suffolk,0.967551622418879
IP11,East Suffolk,0.9706632653061225
IP12,East Suffolk,1
IP13,East Suffolk,0.8658823529411764
IP14,Mid Suffolk,0.9908623643632211
IP15,East Suffolk,1
IP16,East Suffolk,1
IP17,East Suffolk,0.9951807228915662
IP18,East Suffolk,1
IP19,East Suffolk,0.9969604863221885
IP2,Ipswich,0.9480812641083521
IP20,South Norfolk,0.8026315789473685
IP21,Mid Suffolk,0.5310344827586206
IP22,South Norfolk,0.6926406926406926
IP23,Mid Suffolk,0.9010416666666666
IP24,Breckland,0.901656314699793
IP25,Breckland,1
IP26,King's Lynn and West Norfolk,0.6657824933687002
IP27,West Suffolk,0.899671052631579
IP28,West Suffolk,0.998995983935743
IP29,West Suffolk,0.7619047619047619
IP3,Ipswich,0.9276315789473685
IP30,Mid Suffolk,0.5794392523364486
IP31,West Suffolk,0.6651428571428571
IP32,West Suffolk,1
IP33,West Suffolk,1
IP4,Ipswich,0.9287469287469288
IP5,East Suffolk,0.9340159271899886
IP6,Mid Suffolk,0.7729852440408627
IP7,Babergh,0.9186602870813397
IP8,Babergh,0.5134615384615384
IP9,Babergh,0.9253187613843351
IP98,South Norfolk,1
IV1,Highland,1
IV10,Highland,1
IV11,Highland,1
IV12,Highland,0.9980119284294234
IV13,Highland,1
IV14,Highland,1
IV15,Highland,0.9895470383275261
IV16,Highland,1
IV17,Highland,1
IV18,Highland,1
IV19,Highland,1
IV2,Highland,1
IV20,Highland,1
IV21,Highland,1
IV22,Highland,1
IV23,Highland,1
IV24,Highland,1
IV25,Highland,1
IV26,Highland,1
IV27,Highland,1
IV28,Highland,1
IV3,Highland,1
IV30,Moray,1
IV31,Moray,0.9964788732394366
IV32,Moray,1
IV33,Moray,1
IV34,Moray,1
IV35,Moray,1
IV36,Moray,0.9957894736842106
IV4,Highland,1
IV40,Highland,0.9733333333333334
IV41,Highland,1
IV42,Highland,1
IV43,Highland,1
IV44,Highland,1
IV45,Highland,1
IV46,Highland,1
IV47,Highland,1
IV48,Highland,1
IV49,Highland,1
IV5,Highland,1
IV51,Highland,0.9869281045751634
IV52,Highland,1
IV53,Highland,1
IV54,Highland,1
IV55,Highland,1
IV56,Highland,1
IV6,Highland,1
IV63,Highland,1
IV7,Highland,1
IV8,Highland,1
IV9,Highland,1
IV99,Highland,1
JE1,NA,1
JE2,NA,1
JE3,NA,1
JE4,NA,1
JE5,NA,1
KA1,East Ayrshire,0.9299132947976878
KA10,South Ayrshire,0.9964476021314387
KA11,North Ayrshire,0.9983416252072969
KA12,North Ayrshire,1
KA13,North Ayrshire,0.9962335216572504
KA14,North Ayrshire,1
KA15,North Ayrshire,1
KA16,East Ayrshire,1
KA17,East Ayrshire,1
KA18,East Ayrshire,1
KA19,South Ayrshire,0.9944598337950139
KA2,East Ayrshire,0.5860805860805861
KA20,North Ayrshire,1
KA21,North Ayrshire,1
KA22,North Ayrshire,1
KA23,North Ayrshire,1
KA24,North Ayrshire,1
KA25,North Ayrshire,0.9960159362549801
KA26,South Ayrshire,1
KA27,North Ayrshire,1
KA28,North Ayrshire,0.9882352941176471
KA29,North Ayrshire,1
KA3,East Ayrshire,0.9882352941176471
KA30,North Ayrshire,0.9912663755458515
KA4,East Ayrshire,1
KA5,East Ayrshire,0.7787610619469026
KA6,East Ayrshire,0.5076400679117148
KA7,South Ayrshire,1
KA8,South Ayrshire,1
KA9,South Ayrshire,1
KT1,Kingston upon Thames,0.9180327868852459
KT10,Elmbridge,1
KT11,Elmbridge,0.9591836734693877
KT12,Elmbridge,0.998062015503876
KT13,Elmbridge,0.9884526558891455
KT14,Woking,0.7503974562798092
KT15,Runnymede,0.9888268156424581
KT16,Runnymede,0.9978308026030369
KT17,Epsom and Ewell,0.9451170298627926
KT18,Epsom and Ewell,0.7124824684431977
KT19,Epsom and Ewell,0.9959432048681541
KT2,Kingston upon Thames,0.9851924975320829
KT20,Reigate and Banstead,0.9448209099709584
KT21,Mole Valley,0.998211091234347
KT22,Mole Valley,0.8883561643835617
KT23,Mole Valley,0.9771309771309772
KT24,Guildford,0.998158379373849
KT3,Kingston upon Thames,0.8977536793183578
KT4,Sutton,0.6620498614958449
KT5,Kingston upon Thames,1
KT6,Kingston upon Thames,0.9043927648578811
KT7,Elmbridge,0.8632707774798928
KT8,Elmbridge,0.980225988700565
KT9,Kingston upon Thames,0.9875776397515528
KW1,Highland,0.9976359338061466
KW10,Highland,1
KW11,Highland,1
KW12,Highland,1
KW13,Highland,1
KW14,Highland,0.9980544747081712
KW15,Orkney Islands,1
KW16,Orkney Islands,1
KW17,Orkney Islands,1
KW2,Highland,1
KW3,Highland,1
KW5,Highland,1
KW6,Highland,1
KW7,Highland,1
KW8,Highland,1
KW9,Highland,1
KY1,Fife,1
KY10,Fife,1
KY11,Fife,1
KY12,Fife,0.9872568745808182
KY13,Perth and Kinross,0.9842041312272175
KY14,Fife,0.9664429530201343
KY15,Fife,0.9977142857142857
KY16,Fife,0.994232987312572
KY2,Fife,0.979381443298969
KY3,Fife,0.9904988123515439
KY4,Fife,0.9707401032702238
KY5,Fife,0.988909426987061
KY6,Fife,0.988929889298893
KY7,Fife,1
KY8,Fife,1
KY9,Fife,1
KY99,Fife,1
L1,Liverpool,0.9974905897114178
L10,Sefton,0.4192634560906516
L11,Liverpool,1
L12,Liverpool,1
L13,Liverpool,1
L14,Liverpool,0.6968698517298187
L15,Liverpool,1
L16,Liverpool,0.8823529411764706
L17,Liverpool,1
L18,Liverpool,1
L19,Liverpool,1
L2,Liverpool,1
L20,Sefton,0.8975195822454308
L21,Sefton,1
L22,Sefton,1
L23,Sefton,1
L24,Liverpool,0.8694885361552028
L25,Liverpool,0.8936170212765957
L26,Knowsley,0.8761904761904762
L27,Liverpool,1
L28,Knowsley,0.8193548387096774
L29,Sefton,1
L3,Liverpool,1
L30,Sefton,0.9966996699669967
L31,Sefton,0.9810526315789474
L32,Knowsley,1
L33,Knowsley,0.9741060419235512
L34,Knowsley,0.9062003179650239
L35,Knowsley,0.6148491879350348
L36,Knowsley,0.9991518235793045
L37,Sefton,0.9824380165289256
L38,Sefton,1
L39,West Lancashire,0.9990774907749077
L4,Liverpool,1
L40,West Lancashire,0.9126984126984127
L41,Wirral,0.9966914805624483
L42,Wirral,1
L43,Wirral,0.9990485252140818
L44,Wirral,1
L45,Wirral,1
L46,Wirral,1
L47,Wirral,1
L48,Wirral,1
L49,Wirral,1
L5,Liverpool,1
L6,Liverpool,1
L60,Wirral,1
L61,Wirral,1
L62,Wirral,0.9988839285714286
L63,Wirral,0.9977401129943503
L64,Cheshire West and Chester,0.9929775280898876
L65,Cheshire West and Chester,0.991764705882353
L66,Cheshire West and Chester,1
L67,Liverpool,0.9166666666666666
L68,Sefton,0.7
L69,Liverpool,0.9837587006960556
L7,Liverpool,1
L70,Liverpool,0.8812785388127854
L71,Liverpool,0.6
L72,Sefton,1
L73,Liverpool,1
L74,Liverpool,1
L75,Sefton,0.7631578947368421
L8,Liverpool,1
L80,Sefton,1
L9,Liverpool,0.9605411499436303
LA1,Lancaster,1
LA10,South Lakeland,0.980544747081712
LA11,South Lakeland,0.9925373134328358
LA12,South Lakeland,0.9589652096342551
LA13,Barrow-in-Furness,0.9821428571428571
LA14,Barrow-in-Furness,1
LA15,Barrow-in-Furness,0.99644128113879
LA16,Barrow-in-Furness,0.9917355371900827
LA17,South Lakeland,0.9836065573770492
LA18,Copeland,1
LA19,Copeland,1
LA2,Lancaster,0.7320319432120674
LA20,South Lakeland,0.8947368421052632
LA21,South Lakeland,1
LA22,South Lakeland,1
LA23,South Lakeland,0.9953125
LA3,Lancaster,1
LA4,Lancaster,0.9826530612244898
LA5,Lancaster,0.8337988826815642
LA6,South Lakeland,0.4567741935483871
LA7,South Lakeland,0.9960474308300395
LA8,South Lakeland,1
LA9,South Lakeland,1
LD1,Powys,0.8765008576329331
LD2,Powys,0.9937694704049844
LD3,Powys,0.9980713596914176
LD4,Powys,1
LD5,Powys,1
LD6,Powys,1
LD7,Powys,0.9012345679012346
LD8,Powys,0.8660287081339713
LE1,Leicester,0.9630952380952381
LE10,Hinckley and Bosworth,0.9418132611637348
LE11,Charnwood,0.999526066350711
LE12,Charnwood,0.774712643678161
LE13,Melton,1
LE14,Melton,0.9508816120906801
LE15,Rutland,0.9759036144578314
LE16,Harborough,0.8224582701062215
LE17,Harborough,0.9899295065458208
LE18,Oadby and Wigston,0.9887179487179487
LE19,Blaby,0.9481132075471698
LE2,Leicester,0.7494608195542775
LE21,Leicester,0.9322033898305084
LE3,Leicester,0.575839444230027
LE4,Leicester,0.7561467150342603
LE41,Leicester,0.6065573770491803
LE5,Leicester,0.9484893511639425
LE55,North West Leicestershire,0.8571428571428571
LE6,North West Leicestershire,0.7473182359952324
LE65,North West Leicestershire,0.9786910197869102
LE67,North West Leicestershire,0.8633641807294502
LE7,Charnwood,0.7445449707291112
LE8,Blaby,0.38441330998248685
LE87,Leicester,0.926829268292683
LE9,Blaby,0.5057932263814616
LE94,Harborough,1
LE95,Blaby,1
LE99,NA,1
LL11,Wrexham,0.9349945828819068
LL12,Wrexham,0.8119312436804853
LL13,Wrexham,1
LL14,Wrexham,0.9701492537313433
LL15,Denbighshire,0.9477351916376306
LL16,Denbighshire,0.849802371541502
LL17,Denbighshire,0.9836734693877551
LL18,Denbighshire,0.8719211822660099
LL19,Denbighshire,0.9427792915531336
LL20,Denbighshire,0.5936842105263158
LL21,Denbighshire,0.7790973871733967
LL22,Conwy,0.9314516129032258
LL23,Gwynedd,1
LL24,Conwy,0.9953051643192489
LL25,Conwy,1
LL26,Conwy,1
LL27,Conwy,1
LL28,Conwy,1
LL29,Conwy,0.9977037887485649
LL30,Conwy,0.9642857142857143
LL31,Conwy,1
LL32,Conwy,1
LL33,Conwy,0.8526315789473684
LL34,Conwy,1
LL35,Gwynedd,1
LL36,Gwynedd,1
LL37,Gwynedd,1
LL38,Gwynedd,1
LL39,Gwynedd,1
LL40,Gwynedd,0.9975609756097561
LL41,Gwynedd,0.9951219512195122
LL42,Gwynedd,1
LL43,Gwynedd,1
LL44,Gwynedd,1
LL45,Gwynedd,1
LL46,Gwynedd,1
LL47,Gwynedd,1
LL48,Gwynedd,1
LL49,Gwynedd,0.9960629921259843
LL51,Gwynedd,1
LL52,Gwynedd,1
LL53,Gwynedd,0.9988851727982163
LL54,Gwynedd,1
LL55,Gwynedd,0.9276248725790011
LL56,Gwynedd,1
LL57,Gwynedd,0.9991386735572783
LL58,Isle of Anglesey,0.9636363636363636
LL59,Isle of Anglesey,0.9322033898305084
LL60,Isle of Anglesey,0.9512195121951219
LL61,Isle of Anglesey,0.9851301115241635
LL62,Isle of Anglesey,1
LL63,Isle of Anglesey,1
LL64,Isle of Anglesey,1
LL65,Isle of Anglesey,0.999031007751938
LL66,Isle of Anglesey,1
LL67,Isle of Anglesey,1
LL68,Isle of Anglesey,0.9964028776978417
LL69,Isle of Anglesey,1
LL70,Isle of Anglesey,1
LL71,Isle of Anglesey,1
LL72,Isle of Anglesey,1
LL73,Isle of Anglesey,1
LL74,Isle of Anglesey,1
LL75,Isle of Anglesey,1
LL76,Isle of Anglesey,1
LL77,Isle of Anglesey,0.8876404494382022
LL78,Isle of Anglesey,1
LN1,Lincoln,0.6243144424131627
LN10,East Lindsey,0.9416666666666667
LN11,East Lindsey,1
LN12,East Lindsey,1
LN13,East Lindsey,1
LN2,Lincoln,0.6376996805111821
LN3,West Lindsey,0.582089552238806
LN4,North Kesteven,0.7595870206489675
LN5,Lincoln,0.6570374923171481
LN6,Lincoln,0.5533024333719583
LN7,West Lindsey,0.966996699669967
LN8,West Lindsey,0.7654320987654321
LN9,East Lindsey,1
LS1,Leeds,0.9994054696789536
LS10,Leeds,0.9992138364779874
LS11,Leeds,0.9980657640232108
LS12,Leeds,0.9988545246277205
LS13,Leeds,0.999137187230371
LS14,Leeds,0.9992175273865415
LS15,Leeds,1
LS16,Leeds,0.9992862241256245
LS17,Leeds,0.9439147504206393
LS18,Leeds,1
LS19,Leeds,0.9906103286384976
LS2,Leeds,1
LS20,Leeds,0.9978813559322034
LS21,Leeds,0.8350515463917526
LS22,Leeds,0.8800705467372134
LS23,Leeds,1
LS24,Selby,0.9524714828897338
LS25,Leeds,0.637883008356546
LS26,Leeds,0.9883268482490273
LS27,Leeds,0.9924657534246575
LS28,Leeds,0.998015873015873
LS29,Bradford,0.9348086124401914
LS3,Leeds,1
LS4,Leeds,1
LS5,Leeds,1
LS6,Leeds,0.9977595220313666
LS7,Leeds,0.9982347749338041
LS8,Leeds,0.9993045897079277
LS88,Leeds,1
LS9,Leeds,0.9992406985573272
LS98,Leeds,1
LS99,Leeds,1
LU1,Luton,0.904735982580294
LU2,Luton,0.9238026124818578
LU3,Luton,0.9559164733178654
LU4,Luton,0.982642237222758
LU5,Central Bedfordshire,1
LU6,Central Bedfordshire,0.9447040498442367
LU7,Central Bedfordshire,0.8295155839279008
LU95,Central Bedfordshire,1
M1,Manchester,0.9901477832512315
M10,Manchester,0.9972527472527473
M11,Manchester,0.9919282511210762
M12,Manchester,0.9828962371721779
M13,Manchester,1
M14,Manchester,0.994888178913738
M15,Manchester,0.7995735607675906
M16,Trafford,0.6540504648074369
M17,Trafford,0.8653846153846154
M18,Manchester,1
M19,Manchester,0.9668560606060606
M2,Manchester,1
M20,Manchester,1
M21,Manchester,0.9907084785133565
M22,Manchester,0.9922867513611615
M23,Manchester,0.9915057915057915
M24,Rochdale,0.9549158066268333
M25,Bury,0.9945921586300135
M26,Bury,0.9061059907834101
M27,Salford,0.9982030548068284
M28,Salford,0.9460215913634547
M29,Wigan,0.9827115559599636
M3,Manchester,0.5365217391304348
M30,Salford,0.9946452476572959
M31,Trafford,1
M32,Trafford,0.9918864097363083
M33,Trafford,0.9823348694316436
M34,Tameside,0.9946265448683503
M35,Oldham,0.5828054298642534
M38,Salford,0.9960552268244576
M4,Manchester,0.9898477157360406
M40,Manchester,0.9876335019673974
M41,Trafford,0.9920462762111352
M43,Tameside,0.967654986522911
M44,Salford,0.9982698961937716
M45,Bury,0.972027972027972
M46,Wigan,0.9562043795620438
M5,Salford,0.982
M50,Salford,1
M52,Manchester,1
M6,Salford,0.9974726200505476
M60,Manchester,0.9822834645669292
M61,Manchester,0.9937694704049844
M7,Salford,0.9147479775980087
M8,Manchester,0.9325594250967385
M9,Manchester,0.9989754098360656
M90,Manchester,1
M99,Manchester,1
ME1,Medway,0.8887206661619985
ME10,Swale,1
ME11,Swale,1
ME12,Swale,0.9949958298582152
ME13,Swale,0.9841029523088569
ME14,Maidstone,1
ME15,Maidstone,1
ME16,Maidstone,0.9873551106427819
ME17,Maidstone,0.9968553459119497
ME18,Maidstone,0.599502487562189
ME19,Tonbridge and Malling,1
ME2,Medway,0.9885527391659853
ME20,Tonbridge and Malling,0.9675599435825106
ME3,Medway,0.8536821705426356
ME4,Medway,0.9812091503267973
ME5,Medway,0.8585858585858586
ME6,Tonbridge and Malling,1
ME7,Medway,0.9727463312368972
ME8,Medway,0.966931216931217
ME9,Swale,0.9053926206244087
ME99,Maidstone,0.875
MK1,Milton Keynes,0.9320175438596491
MK10,Milton Keynes,1
MK11,Milton Keynes,0.9318885448916409
MK12,Milton Keynes,1
MK13,Milton Keynes,1
MK14,Milton Keynes,1
MK15,Milton Keynes,1
MK16,Milton Keynes,0.9775533108866442
MK17,Milton Keynes,0.4307228915662651
MK18,Buckinghamshire,0.9780888618381011
MK19,Milton Keynes,0.5296610169491526
MK2,Milton Keynes,0.9966101694915255
MK3,Milton Keynes,0.976
MK4,Milton Keynes,1
MK40,Bedford,1
MK41,Bedford,0.9986004198740378
MK42,Bedford,0.9956976029502151
MK43,Bedford,0.6939970717423133
MK44,Bedford,0.9182968929804373
MK45,Central Bedfordshire,0.834696261682243
MK46,Milton Keynes,0.9719387755102041
MK5,Milton Keynes,1
MK6,Milton Keynes,1
MK7,Milton Keynes,1
MK77,Milton Keynes,1
MK8,Milton Keynes,1
MK9,Milton Keynes,1
MK98,Milton Keynes,1
ML1,North Lanarkshire,0.9989004947773502
ML10,South Lanarkshire,0.9974025974025974
ML11,South Lanarkshire,0.999195494770716
ML12,South Lanarkshire,0.8567901234567902
ML2,North Lanarkshire,0.9981132075471698
ML3,South Lanarkshire,1
ML4,North Lanarkshire,0.9985815602836879
ML5,North Lanarkshire,0.99765625
ML6,North Lanarkshire,0.9965800273597811
ML7,North Lanarkshire,0.9492273730684326
ML8,South Lanarkshire,1
ML9,South Lanarkshire,1
N1,Islington,0.7319380733944955
N10,Haringey,0.8531468531468531
N11,Enfield,0.4572564612326044
N12,Barnet,0.9852255054432348
N13,Enfield,0.9761634506242906
N14,Enfield,0.8459552495697074
N15,Haringey,0.9306122448979591
N16,Hackney,0.9609781477627471
N17,Haringey,0.9875370919881306
N18,Enfield,0.9826789838337182
N19,Islington,0.9513274336283186
N1C,Camden,0.9876543209876543
N1P,Islington,0.7835455435847208
N2,Barnet,0.8781512605042017
N20,Barnet,0.983127109111361
N21,Enfield,0.9881974248927039
N22,Haringey,0.975796178343949
N3,Barnet,0.9856902356902357
N4,Haringey,0.4782890473104342
N5,Islington,0.9788293897882939
N6,Haringey,0.5415704387990762
N7,Islington,0.9788293897882939
N8,Haringey,0.9347181008902077
N81,Haringey,0.8571428571428571
N9,Enfield,0.9838833461243285
NE1,Newcastle upon Tyne,1
NE10,Gateshead,0.9912568306010929
NE11,Gateshead,1
NE12,North Tyneside,0.9924953095684803
NE13,Newcastle upon Tyne,0.6256983240223464
NE15,Newcastle upon Tyne,0.9074235807860263
NE16,Gateshead,0.8141304347826087
NE17,Gateshead,0.655
NE18,Northumberland,1
NE19,Northumberland,1
NE2,Newcastle upon Tyne,1
NE20,Northumberland,0.9882747068676717
NE21,Gateshead,0.9986301369863013
NE22,Northumberland,1
NE23,Northumberland,0.8865468071915685
NE24,Northumberland,1
NE25,North Tyneside,0.6726403823178017
NE26,North Tyneside,0.8384433962264151
NE27,North Tyneside,0.9929411764705882
NE28,North Tyneside,0.9803206997084548
NE29,North Tyneside,0.9992581602373887
NE3,Newcastle upon Tyne,0.9886428165814878
NE30,North Tyneside,0.9988399071925754
NE31,South Tyneside,0.9984202211690363
NE32,South Tyneside,0.994343891402715
NE33,South Tyneside,0.9967186218211649
NE34,South Tyneside,1
NE35,South Tyneside,0.9936708860759493
NE36,South Tyneside,0.9920634920634921
NE37,Sunderland,0.9853137516688919
NE38,Sunderland,0.988558352402746
NE39,Gateshead,0.9299191374663073
NE4,Newcastle upon Tyne,1
NE40,Gateshead,1
NE41,Northumberland,0.8956521739130435
NE42,Northumberland,0.9841269841269841
NE43,Northumberland,0.9962264150943396
NE44,Northumberland,1
NE45,Northumberland,1
NE46,Northumberland,1
NE47,Northumberland,1
NE48,Northumberland,1
NE49,Northumberland,1
NE5,Newcastle upon Tyne,0.9933530280649926
NE6,Newcastle upon Tyne,0.9897959183673469
NE61,Northumberland,1
NE62,Northumberland,1
NE63,Northumberland,1
NE64,Northumberland,1
NE65,Northumberland,1
NE66,Northumberland,1
NE67,Northumberland,1
NE68,Northumberland,1
NE69,Northumberland,1
NE7,Newcastle upon Tyne,0.9251336898395722
NE70,Northumberland,1
NE71,Northumberland,1
NE8,Gateshead,0.9984555984555985
NE82,Gateshead,1
NE83,Gateshead,1
NE85,Gateshead,0.8333333333333334
NE88,Gateshead,0.9090909090909091
NE89,Sunderland,1
NE9,Gateshead,0.8961165048543689
NE92,Gateshead,0.9791666666666666
NE98,Newcastle upon Tyne,0.5384615384615384
NE99,Newcastle upon Tyne,0.998805256869773
NG1,Nottingham,0.9993730407523511
NG10,Erewash,0.9931192660550459
NG11,Nottingham,0.6854460093896714
NG12,Rushcliffe,0.9226139294926913
NG13,Rushcliffe,0.6913425345043914
NG14,Gedling,0.6637554585152838
NG15,Ashfield,0.8043117744610282
NG16,Broxtowe,0.664519906323185
NG17,Ashfield,0.9968717413972888
NG18,Mansfield,0.9848851269649335
NG19,Mansfield,0.9338662790697675
NG2,Nottingham,0.5490575157080715
NG20,Bolsover,0.47783251231527096
NG21,Newark and Sherwood,0.8832236842105263
NG22,Newark and Sherwood,0.7963891675025075
NG23,Newark and Sherwood,0.7580071174377224
NG24,Newark and Sherwood,1
NG25,Newark and Sherwood,1
NG3,Nottingham,0.7992537313432836
NG31,South Kesteven,1
NG32,South Kesteven,0.8408450704225352
NG33,South Kesteven,0.9528487229862476
NG34,North Kesteven,0.9031413612565445
NG4,Gedling,0.9949281487743026
NG5,Gedling,0.5094263939029282
NG6,Nottingham,0.9268051434223541
NG7,Nottingham,1
NG70,Mansfield,1
NG8,Nottingham,0.9780092592592593
NG80,Broxtowe,0.625
NG9,Broxtowe,0.9780743565300286
NG90,Broxtowe,0.6
NN1,West Northamptonshire,1
NN10,North Northamptonshire,0.9781328847771237
NN11,West Northamptonshire,0.9936831875607386
NN12,West Northamptonshire,0.9964061096136568
NN13,West Northamptonshire,0.9243604004449388
NN14,North Northamptonshire,1
NN15,North Northamptonshire,1
NN16,North Northamptonshire,1
NN17,North Northamptonshire,1
NN18,North Northamptonshire,1
NN2,West Northamptonshire,0.9945897204688909
NN29,North Northamptonshire,0.9486404833836858
NN3,West Northamptonshire,0.9901440485216073
NN4,West Northamptonshire,0.983323749281196
NN5,West Northamptonshire,0.9929203539823008
NN6,West Northamptonshire,0.8325519089082385
NN7,West Northamptonshire,0.9806273062730627
NN8,North Northamptonshire,0.9920358387257342
NN9,North Northamptonshire,0.9844827586206897
NN99,West Northamptonshire,1
NP1,Caerphilly,0.7095209217707702
NP10,Newport,0.9797297297297297
NP11,Caerphilly,0.9670542635658915
NP12,Caerphilly,0.9922254616132167
NP13,Blaenau Gwent,0.9527687296416938
NP15,Monmouthshire,0.995850622406639
NP16,Monmouthshire,0.7813471502590673
NP18,Newport,0.9017543859649123
NP19,Newport,0.9884559884559885
NP2,Caerphilly,0.7380230442692541
NP20,Newport,1
NP22,Blaenau Gwent,0.6996951219512195
NP23,Blaenau Gwent,0.998003992015968
NP24,Caerphilly,0.95
NP25,Monmouthshire,0.9335142469470827
NP26,Monmouthshire,0.9409499358151476
NP3,Blaenau Gwent,0.9816873773708306
NP4,Torfaen,0.951183970856102
NP44,Torfaen,0.9980263157894737
NP5,Monmouthshire,0.9653121902874133
NP6,Monmouthshire,0.6334044823906083
NP7,Monmouthshire,0.9861218195836546
NP8,Powys,0.9230769230769231
NP9,Newport,0.9989051094890511
NPT,Newport,0.9995862639635912
NR1,Norwich,0.779578606158833
NR10,Broadland,0.8903301886792453
NR11,North Norfolk,0.6187134502923977
NR12,North Norfolk,0.8029197080291971
NR13,Broadland,0.9966527196652719
NR14,South Norfolk,0.9521988527724665
NR15,South Norfolk,0.9928469241773963
NR16,Breckland,0.5336879432624113
NR17,Breckland,1
NR18,South Norfolk,0.984251968503937
NR19,Breckland,1
NR2,Norwich,0.9088345864661654
NR20,Breckland,0.8612334801762115
NR21,North Norfolk,0.894907908992416
NR22,North Norfolk,0.9726027397260274
NR23,North Norfolk,0.9959349593495935
NR24,North Norfolk,1
NR25,North Norfolk,0.9982788296041308
NR26,North Norfolk,0.9884393063583815
NR27,North Norfolk,1
NR28,North Norfolk,0.9985380116959064
NR29,Great Yarmouth,0.8085106382978723
NR3,Norwich,0.8971377459749553
NR30,Great Yarmouth,0.9953051643192489
NR31,Great Yarmouth,0.9948905109489051
NR32,East Suffolk,1
NR33,East Suffolk,1
NR34,East Suffolk,0.8732840549102429
NR35,East Suffolk,0.5056818181818182
NR4,Norwich,0.6319875776397516
NR5,Norwich,0.5697050938337802
NR6,Broadland,0.7526041666666666
NR7,Broadland,0.8867635807192042
NR8,Broadland,0.7580340264650284
NR9,South Norfolk,0.6546666666666666
NR99,NA,0.5
NR99,Norwich,0.5
NW1,Camden,0.818260120585702
NW10,Brent,0.8599629858112277
NW11,Barnet,1
NW1W,Camden,0.9584332533972821
NW2,Barnet,0.5120983736612456
NW26,Brent,0.6336206896551724
NW3,Camden,0.9859712230215827
NW4,Barnet,1
NW5,Camden,0.9951456310679612
NW6,Brent,0.59715821812596
NW7,Barnet,0.9992619926199262
NW8,Westminster,0.8444034440344403
NW9,Barnet,0.6171557562076749
OL1,Oldham,0.9993050729673384
OL10,Rochdale,1
OL11,Rochdale,0.9993011879804332
OL12,Rochdale,0.8178807947019867
OL13,Rossendale,1
OL14,Calderdale,0.9839679358717435
OL15,Rochdale,0.9983948635634029
OL16,Rochdale,0.9994444444444445
OL2,Oldham,0.9984289080911233
OL3,Oldham,1
OL4,Oldham,1
OL5,Tameside,0.9953271028037384
OL6,Tameside,1
OL7,Tameside,1
OL8,Oldham,1
OL9,Oldham,0.99921875
OL95,Oldham,1
OX1,Oxford,0.8845928529584065
OX10,South Oxfordshire,0.9986206896551724
OX11,South Oxfordshire,0.7506666666666667
OX12,Vale of White Horse,0.9832
OX13,Vale of White Horse,0.9983221476510067
OX14,Vale of White Horse,0.9507364144235653
OX15,Cherwell,0.9181459566074951
OX16,Cherwell,0.9996177370030581
OX17,West Northamptonshire,0.4890173410404624
OX18,West Oxfordshire,0.9744268077601411
OX2,Oxford,0.7742130750605327
OX20,West Oxfordshire,0.968299711815562
OX25,Cherwell,0.9715808170515098
OX26,Cherwell,0.9984362783424551
OX27,Cherwell,0.8333333333333334
OX28,West Oxfordshire,1
OX29,West Oxfordshire,0.9908561928512053
OX3,Oxford,0.93943763518385
OX33,South Oxfordshire,0.8533333333333334
OX39,South Oxfordshire,0.9873015873015873
OX4,Oxford,0.9851643945469126
OX44,South Oxfordshire,0.851258581235698
OX49,South Oxfordshire,0.9966555183946488
OX5,Cherwell,0.8948598130841121
OX6,Cherwell,0.9522370012091899
OX7,West Oxfordshire,0.9675824175824176
OX8,West Oxfordshire,0.988471391972673
OX9,South Oxfordshire,0.9760557248585111
PA1,Renfrewshire,1
PA10,Renfrewshire,1
PA11,Renfrewshire,0.8452830188679246
PA12,Renfrewshire,1
PA13,Inverclyde,0.8846153846153846
PA14,Inverclyde,0.9150943396226415
PA15,Inverclyde,1
PA16,Inverclyde,1
PA17,North Ayrshire,0.927710843373494
PA18,Inverclyde,1
PA19,Inverclyde,1
PA2,Renfrewshire,1
PA20,Argyll and Bute,1
PA21,Argyll and Bute,1
PA22,Argyll and Bute,1
PA23,Argyll and Bute,0.99609375
PA24,Argyll and Bute,1
PA25,Argyll and Bute,1
PA26,Argyll and Bute,1
PA27,Argyll and Bute,1
PA28,Argyll and Bute,0.9964912280701754
PA29,Argyll and Bute,1
PA3,Renfrewshire,0.9990689013035382
PA30,Argyll and Bute,1
PA31,Argyll and Bute,1
PA32,Argyll and Bute,1
PA33,Argyll and Bute,1
PA34,Argyll and Bute,0.9567779960707269
PA35,Argyll and Bute,1
PA36,Argyll and Bute,1
PA37,Argyll and Bute,1
PA38,Argyll and Bute,0.6571428571428571
PA39,Highland,1
PA4,Renfrewshire,1
PA40,Highland,1
PA41,Argyll and Bute,1
PA42,Argyll and Bute,0.9733333333333334
PA43,Argyll and Bute,1
PA44,Argyll and Bute,1
PA45,Argyll and Bute,1
PA46,Argyll and Bute,1
PA47,Argyll and Bute,1
PA48,Argyll and Bute,1
PA49,Argyll and Bute,1
PA5,Renfrewshire,0.99867197875166
PA6,Renfrewshire,1
PA60,Argyll and Bute,1
PA61,Argyll and Bute,1
PA62,Argyll and Bute,1
PA63,Argyll and Bute,1
PA64,Argyll and Bute,1
PA65,Argyll and Bute,1
PA66,Argyll and Bute,1
PA67,Argyll and Bute,1
PA68,Argyll and Bute,1
PA69,Argyll and Bute,1
PA7,Renfrewshire,1
PA70,Argyll and Bute,1
PA71,Argyll and Bute,1
PA72,Argyll and Bute,1
PA73,Argyll and Bute,1
PA74,Argyll and Bute,1
PA75,Argyll and Bute,1
PA76,Argyll and Bute,1
PA77,Argyll and Bute,1
PA78,Argyll and Bute,1
PA8,Renfrewshire,1
PA80,Na h-Eileanan Siar,0.5833333333333334
PA81,Na h-Eileanan Siar,1
PA82,Na h-Eileanan Siar,1
PA83,Na h-Eileanan Siar,1
PA84,Na h-Eileanan Siar,1
PA85,Na h-Eileanan Siar,1
PA86,Na h-Eileanan Siar,1
PA87,Na h-Eileanan Siar,0.9957627118644068
PA88,Na h-Eileanan Siar,1
PA9,Renfrewshire,1
PA98,Renfrewshire,1
PE1,Peterborough,0.999507874015748
PE10,South Kesteven,0.9976303317535545
PE11,South Holland,0.9975339087546239
PE12,South Holland,0.991174473862865
PE13,Fenland,0.9592592592592593
PE14,King's Lynn and West Norfolk,0.6012658227848101
PE15,Fenland,0.998220640569395
PE16,Fenland,0.9915730337078652
PE17,Huntingdonshire,0.9918211559432933
PE18,Huntingdonshire,0.9813953488372092
PE19,Huntingdonshire,0.9520394441954281
PE2,Peterborough,0.984073359073359
PE20,Boston,0.9912917271407837
PE21,Boston,1
PE22,East Lindsey,0.5130533484676504
PE23,East Lindsey,1
PE24,East Lindsey,1
PE25,East Lindsey,1
PE26,Huntingdonshire,0.9783132530120482
PE27,Huntingdonshire,1
PE28,Huntingdonshire,0.9827682045580878
PE29,Huntingdonshire,0.9993160054719562
PE3,Peterborough,0.9933396764985728
PE30,King's Lynn and West Norfolk,1
PE31,King's Lynn and West Norfolk,0.9918781725888325
PE32,King's Lynn and West Norfolk,0.637329286798179
PE33,King's Lynn and West Norfolk,0.9530744336569579
PE34,King's Lynn and West Norfolk,0.9903660886319846
PE35,King's Lynn and West Norfolk,1
PE36,King's Lynn and West Norfolk,0.9975
PE37,Breckland,0.9795501022494888
PE38,King's Lynn and West Norfolk,0.9965034965034965
PE4,Peterborough,1
PE5,Peterborough,1
PE6,Peterborough,0.4788617886178862
PE7,Fenland,0.4033018867924528
PE8,North Northamptonshire,0.7027363184079602
PE9,South Kesteven,0.7015151515151515
PE99,Peterborough,1
PH1,Perth and Kinross,1
PH10,Perth and Kinross,1
PH11,Perth and Kinross,0.801980198019802
PH12,Perth and Kinross,0.52
PH13,Perth and Kinross,0.995
PH14,Perth and Kinross,1
PH15,Perth and Kinross,1
PH16,Perth and Kinross,1
PH17,Perth and Kinross,1
PH18,Perth and Kinross,1
PH19,Highland,1
PH2,Perth and Kinross,0.998792270531401
PH20,Highland,1
PH21,Highland,1
PH22,Highland,1
PH23,Highland,1
PH24,Highland,1
PH25,Highland,1
PH26,Highland,1
PH3,Perth and Kinross,1
PH30,Highland,1
PH31,Highland,1
PH32,Highland,1
PH33,Highland,0.9854280510018215
PH34,Highland,1
PH35,Highland,1
PH36,Highland,1
PH37,Highland,1
PH38,Highland,1
PH39,Highland,1
PH4,Perth and Kinross,1
PH40,Highland,1
PH41,Highland,1
PH42,Highland,1
PH43,Highland,1
PH44,Highland,1
PH49,Highland,1
PH5,Perth and Kinross,1
PH50,Highland,1
PH6,Perth and Kinross,1
PH7,Perth and Kinross,1
PH8,Perth and Kinross,1
PH9,Perth and Kinross,1
PL1,Plymouth,1
PL10,Cornwall,1
PL11,Cornwall,1
PL12,Cornwall,1
PL13,Cornwall,0.9945155393053017
PL14,Cornwall,1
PL15,Cornwall,0.9616141732283464
PL16,West Devon,0.768
PL17,Cornwall,0.9770114942528736
PL18,Cornwall,0.98046875
PL19,West Devon,1
PL2,Plymouth,0.991725768321513
PL20,West Devon,0.9930434782608696
PL21,South Hams,0.9947712418300654
PL22,Cornwall,1
PL23,Cornwall,1
PL24,Cornwall,1
PL25,Cornwall,1
PL26,Cornwall,1
PL27,Cornwall,1
PL28,Cornwall,1
PL29,Cornwall,1
PL3,Plymouth,1
PL30,Cornwall,1
PL31,Cornwall,0.993431855500821
PL32,Cornwall,1
PL33,Cornwall,1
PL34,Cornwall,1
PL35,Cornwall,1
PL4,Plymouth,1
PL5,Plymouth,0.9741532976827094
PL6,Plymouth,0.901294498381877
PL7,Plymouth,0.8985401459854014
PL8,South Hams,0.9196675900277008
PL9,Plymouth,0.8514492753623188
PL95,Plymouth,0.64
PO1,Portsmouth,0.9987546699875467
PO10,Havant,0.5902503293807642
PO11,Havant,1
PO12,Gosport,1
PO13,Gosport,0.9848975188781014
PO14,Fareham,1
PO15,Fareham,0.8004459308807135
PO16,Fareham,1
PO17,Winchester,0.848404255319149
PO18,Chichester,0.9928143712574851
PO19,Chichester,1
PO2,Portsmouth,1
PO20,Chichester,0.8603531300160514
PO21,Arun,1
PO22,Arun,0.9991708126036484
PO24,NA,1
PO3,Portsmouth,1
PO30,Isle of Wight,0.9993141289437586
PO31,Isle of Wight,1
PO32,Isle of Wight,1
PO33,Isle of Wight,1
PO34,Isle of Wight,1
PO35,Isle of Wight,1
PO36,Isle of Wight,0.9985714285714286
PO37,Isle of Wight,1
PO38,Isle of Wight,1
PO39,Isle of Wight,1
PO4,Portsmouth,1
PO40,Isle of Wight,1
PO41,Isle of Wight,1
PO5,Portsmouth,1
PO6,Portsmouth,0.9984202211690363
PO7,Havant,0.7242647058823529
PO8,East Hampshire,0.5440758293838862
PO9,Havant,0.9262038774233896
PR0,Preston,1
PR1,Preston,0.8104529616724738
PR11,Preston,0.9905660377358491
PR2,Preston,0.999337528983107
PR25,South Ribble,0.8866525423728814
PR26,South Ribble,0.6712707182320442
PR3,Wyre,0.5298329355608592
PR4,Fylde,0.46654360867558836
PR5,South Ribble,0.8542458808618505
PR6,Chorley,0.9986919555264879
PR7,Chorley,0.9732905982905983
PR8,Sefton,0.9696227339539442
PR9,Sefton,0.8876923076923077
RG1,Reading,0.9961089494163424
RG10,Wokingham,0.7930306230200633
RG11,Wokingham,0.8753950338600451
RG12,Bracknell Forest,0.9953430611611301
RG13,West Berkshire,1
RG14,West Berkshire,0.9687964338781575
RG15,Basingstoke and Deane,0.6756425948592412
RG16,West Berkshire,0.9972196478220574
RG17,West Berkshire,0.9471413160733549
RG18,West Berkshire,0.9572901325478645
RG19,West Berkshire,0.8007202881152461
RG2,Reading,0.7056277056277056
RG20,West Berkshire,0.54614733276884
RG21,Basingstoke and Deane,1
RG22,Basingstoke and Deane,1
RG23,Basingstoke and Deane,1
RG24,Basingstoke and Deane,0.9994175888177053
RG25,Basingstoke and Deane,0.6531713900134952
RG26,Basingstoke and Deane,0.9523809523809523
RG27,Hart,0.7884465261514442
RG28,Basingstoke and Deane,0.9861111111111112
RG29,Hart,0.9939577039274925
RG3,Reading,0.663768115942029
RG30,Reading,0.9235494880546075
RG31,West Berkshire,0.650314465408805
RG4,Reading,0.7507246376811594
RG40,Wokingham,0.9652338811630847
RG41,Wokingham,1
RG42,Bracknell Forest,0.9780971937029432
RG45,Bracknell Forest,0.5271828665568369
RG5,Wokingham,0.9348148148148148
RG6,Wokingham,0.8762769580022701
RG7,West Berkshire,0.7122153209109731
RG8,West Berkshire,0.522273425499232
RG9,South Oxfordshire,0.8514190317195326
RH1,Reigate and Banstead,0.8753129694541812
RH10,Crawley,0.8709776279497395
RH11,Crawley,0.940220922677063
RH12,Horsham,0.9903053805138148
RH13,Horsham,0.9994603345925526
RH14,Horsham,0.633377135348226
RH15,Mid Sussex,0.9545829892650702
RH16,Mid Sussex,0.9988221436984688
RH17,Mid Sussex,0.8854961832061069
RH18,Wealden,0.7682403433476395
RH19,Mid Sussex,0.9007458405048766
RH2,Reigate and Banstead,0.9685099846390169
RH20,Horsham,0.9156528791565288
RH3,Mole Valley,1
RH4,Mole Valley,1
RH5,Mole Valley,0.9454976303317536
RH6,Reigate and Banstead,0.751788268955651
RH7,Tandridge,0.9815950920245399
RH77,Crawley,1
RH8,Tandridge,1
RH9,Tandridge,0.8484848484848485
RM1,Havering,0.9989130434782608
RM10,Barking and Dagenham,1
RM11,Havering,1
RM12,Havering,0.9641760491299898
RM13,Havering,0.9917948717948718
RM14,Havering,0.9354120267260579
RM15,Thurrock,0.9872611464968153
RM16,Thurrock,1
RM17,Thurrock,1
RM18,Thurrock,1
RM19,Thurrock,1
RM2,Havering,1
RM20,Thurrock,1
RM3,Havering,0.9932381667918858
RM4,Epping Forest,0.6513761467889908
RM5,Havering,0.9774590163934426
RM50,Havering,1
RM6,Barking and Dagenham,0.45586297760210803
RM7,Havering,0.9007971656333038
RM8,Barking and Dagenham,0.9714285714285714
RM9,Barking and Dagenham,0.9989495798319328
S1,Sheffield,0.9958563535911602
S10,Sheffield,1
S11,Sheffield,0.9944392956441149
S12,Sheffield,0.9761620977353993
S13,Sheffield,0.9552023121387283
S14,Sheffield,1
S17,Sheffield,0.9945155393053017
S18,North East Derbyshire,0.997093023255814
S19,Sheffield,0.9805996472663139
S2,Sheffield,0.998671096345515
S20,Sheffield,0.9964580873671782
S21,North East Derbyshire,0.9311023622047244
S25,Rotherham,0.9827315541601256
S26,Rotherham,0.9735973597359736
S3,Sheffield,1
S30,Sheffield,0.5794991263832265
S31,Rotherham,0.6743814844373504
S32,Derbyshire Dales,0.9626865671641791
S33,High Peak,0.6682464454976303
S35,Sheffield,0.9017341040462428
S36,Barnsley,0.5663716814159292
S4,Sheffield,1
S40,Chesterfield,0.9975594874923734
S41,Chesterfield,0.9717285945072698
S42,North East Derbyshire,0.8898678414096917
S43,Chesterfield,0.6879936808846762
S44,Bolsover,0.6916666666666667
S45,North East Derbyshire,0.9458955223880597
S49,Chesterfield,1
S5,Sheffield,1
S6,Sheffield,0.9994269340974212
S60,Rotherham,0.998755444928438
S61,Rotherham,0.9940298507462687
S62,Rotherham,1
S63,Rotherham,0.5306834030683403
S64,Doncaster,0.5147783251231527
S65,Rotherham,0.998989898989899
S66,Rotherham,0.9626225490196079
S69,NA,1
S7,Sheffield,1
S70,Barnsley,1
S71,Barnsley,0.9985734664764622
S72,Barnsley,0.9178743961352657
S73,Barnsley,0.9388888888888889
S74,Barnsley,0.9948275862068966
S75,Barnsley,0.9799612152553329
S8,Sheffield,0.9984674329501916
S80,Bassetlaw,0.7325842696629213
S81,Bassetlaw,0.921285140562249
S9,Sheffield,0.9991935483870967
S94,NA,1
S95,Sheffield,0.6888888888888889
S96,Sheffield,1
S97,Rotherham,0.8958333333333334
S98,Sheffield,1
S99,Sheffield,0.8837209302325582
SA1,Swansea,0.9913755929279862
SA10,Neath Port Talbot,0.9688542825361512
SA11,Neath Port Talbot,0.9683794466403162
SA12,Neath Port Talbot,1
SA13,Neath Port Talbot,0.9988385598141696
SA14,Carmarthenshire,1
SA15,Carmarthenshire,0.9891304347826086
SA16,Carmarthenshire,1
SA17,Carmarthenshire,1
SA18,Carmarthenshire,0.8558951965065502
SA19,Carmarthenshire,1
SA2,Swansea,1
SA20,Carmarthenshire,1
SA3,Swansea,1
SA31,Carmarthenshire,1
SA32,Carmarthenshire,1
SA33,Carmarthenshire,1
SA34,Carmarthenshire,0.868
SA35,Pembrokeshire,0.8888888888888888
SA36,Pembrokeshire,1
SA37,Pembrokeshire,0.921875
SA38,Carmarthenshire,0.5727272727272728
SA39,Carmarthenshire,0.8467741935483871
SA4,Swansea,0.9118351701006229
SA40,Carmarthenshire,0.5121951219512195
SA41,Pembrokeshire,0.9655172413793104
SA42,Pembrokeshire,0.9937106918238994
SA43,Ceredigion,0.7355982274741507
SA44,Ceredigion,0.7918781725888325
SA45,Ceredigion,1
SA46,Ceredigion,1
SA47,Ceredigion,1
SA48,Ceredigion,0.9012875536480687
SA5,Swansea,1
SA6,Swansea,0.9852476290832455
SA61,Pembrokeshire,1
SA62,Pembrokeshire,1
SA63,Pembrokeshire,1
SA64,Pembrokeshire,1
SA65,Pembrokeshire,1
SA66,Pembrokeshire,0.9147727272727273
SA67,Pembrokeshire,0.9928741092636579
SA68,Pembrokeshire,1
SA69,Pembrokeshire,1
SA7,Swansea,0.9953161592505855
SA70,Pembrokeshire,0.9962962962962963
SA71,Pembrokeshire,1
SA72,Pembrokeshire,1
SA73,Pembrokeshire,1
SA8,Neath Port Talbot,0.9768637532133676
SA80,Swansea,1
SA9,Powys,0.5893416927899686
SA99,Swansea,1
SE1,Southwark,0.8787216607484294
SE10,Greenwich,0.9492635024549918
SE11,Lambeth,0.6944127708095781
SE12,Lewisham,0.6043425814234017
SE13,Lewisham,0.9556113902847572
SE14,Lewisham,0.9775840597758406
SE15,Southwark,0.9699714013346044
SE16,Southwark,0.9483341380975374
SE17,Southwark,0.9862068965517241
SE18,Greenwich,1
SE19,Croydon,0.7008547008547008
SE1P,Southwark,0.7714561234329798
SE2,Greenwich,0.7335375191424196
SE20,Bromley,0.9824780976220275
SE21,Southwark,0.7030651340996169
SE22,Southwark,0.986444212721585
SE23,Lewisham,0.9537299338999056
SE24,Lambeth,0.6758147512864494
SE25,Croydon,0.9861495844875346
SE26,Lewisham,0.8094302554027505
SE27,Lambeth,0.9857142857142858
SE28,Greenwich,0.8478915662650602
SE3,Greenwich,0.6019563581640331
SE4,Lewisham,0.9759493670886076
SE5,Southwark,0.8671926364234056
SE6,Lewisham,1
SE7,Greenwich,0.9799713876967096
SE8,Lewisham,0.8780231335436383
SE9,Greenwich,0.8467788740568776
SE99,Southwark,1
SG1,Stevenage,0.9633960345704118
SG10,East Hertfordshire,1
SG11,East Hertfordshire,1
SG12,East Hertfordshire,0.9817543859649123
SG13,East Hertfordshire,0.9633740288568258
SG14,East Hertfordshire,1
SG15,Central Bedfordshire,0.9698795180722891
SG16,Central Bedfordshire,0.9829059829059829
SG17,Central Bedfordshire,1
SG18,Central Bedfordshire,0.9979777553083923
SG19,Central Bedfordshire,0.7739221871713985
SG2,Stevenage,0.8559708295350957
SG3,North Hertfordshire,0.67601246105919
SG4,North Hertfordshire,0.9887278582930756
SG5,North Hertfordshire,0.6826647564469914
SG6,North Hertfordshire,0.9993252361673415
SG7,North Hertfordshire,0.9790940766550522
SG8,North Hertfordshire,0.5272525027808677
SG9,East Hertfordshire,0.8939393939393939
SK1,Stockport,1
SK10,Cheshire East,0.9995206136145733
SK11,Cheshire East,0.9763001974983542
SK12,High Peak,0.5744125326370757
SK13,High Peak,0.9915748541801686
SK14,Tameside,0.8471214320270924
SK15,Tameside,0.998876404494382
SK16,Tameside,1
SK17,High Peak,0.7345553292600135
SK2,Stockport,0.9921259842519685
SK22,High Peak,0.9257731958762887
SK23,High Peak,0.9762237762237762
SK3,Stockport,0.9946581196581197
SK4,Stockport,0.990909090909091
SK5,Stockport,0.985524728588661
SK6,Stockport,0.9929881337648327
SK7,Stockport,0.9784673844205193
SK8,Stockport,0.986809965803615
SK9,Cheshire East,0.9878172588832488
SL0,Buckinghamshire,0.966542750929368
SL1,Slough,0.8716783216783217
SL2,Slough,0.6549707602339181
SL3,Slough,0.7754137115839244
SL4,Windsor and Maidenhead,0.9262957679505468
SL5,Windsor and Maidenhead,0.8160676532769556
SL6,Windsor and Maidenhead,0.9407000289268151
SL60,Windsor and Maidenhead,0.8663594470046083
SL7,Buckinghamshire,0.968141592920354
SL8,Buckinghamshire,0.9948849104859335
SL9,Buckinghamshire,0.9871152469577666
SL95,Slough,1
SM1,Sutton,1
SM2,Sutton,0.9513641755634639
SM3,Sutton,0.9829545454545454
SM4,Merton,0.9243986254295533
SM5,Sutton,0.9884057971014493
SM6,Sutton,0.9902991107518189
SM7,Reigate and Banstead,0.9503649635036496
SN1,Swindon,0.9992841803865425
SN10,Wiltshire,1
SN11,Wiltshire,0.9958419958419958
SN12,Wiltshire,0.9959677419354839
SN13,Wiltshire,0.9976076555023924
SN14,Wiltshire,0.906959706959707
SN15,Wiltshire,1
SN16,Wiltshire,0.9840579710144928
SN17,Swindon,0.988399071925754
SN2,Swindon,1
SN25,Swindon,0.9989373007438895
SN26,Swindon,1
SN3,Swindon,0.9922155688622755
SN38,Swindon,1
SN4,Wiltshire,0.6460843373493976
SN42,NA,1
SN5,Swindon,0.7397576457010964
SN6,Swindon,0.3884197828709288
SN7,Vale of White Horse,0.9806362378976486
SN8,Wiltshire,0.986322188449848
SN86,NA,1
SN9,Wiltshire,0.9931662870159453
SN99,Swindon,1
SO1,Southampton,0.9368252698920432
SO14,Southampton,1
SO15,Southampton,0.9795698924731183
SO16,Southampton,0.8827292110874201
SO17,Southampton,1
SO18,Southampton,0.9058823529411765
SO19,Southampton,0.9858956276445698
SO2,Southampton,0.9913074972835929
SO20,Test Valley,0.9102844638949672
SO21,Winchester,0.9386437029063509
SO22,Winchester,0.998868778280543
SO23,Winchester,0.9987333755541482
SO24,Winchester,0.8443017656500803
SO25,Winchester,1
SO3,Eastleigh,0.4949406071271447
SO30,Eastleigh,0.9596700274977086
SO31,Fareham,0.6624087591240876
SO32,Winchester,0.8327316486161251
SO4,New Forest,0.9959664908470369
SO40,New Forest,1
SO41,New Forest,0.9921773142112125
SO42,New Forest,1
SO43,New Forest,1
SO45,New Forest,0.9921935987509758
SO5,Eastleigh,0.6680942184154176
SO50,Eastleigh,0.9898190045248869
SO51,Test Valley,0.978486646884273
SO52,Test Valley,0.8932038834951457
SO53,Eastleigh,0.857389801210026
SO9,Southampton,0.9758928571428571
SO97,Eastleigh,1
SP1,Wiltshire,1
SP10,Test Valley,1
SP11,Test Valley,0.7601328903654485
SP2,Wiltshire,0.9992657856093979
SP3,Wiltshire,1
SP4,Wiltshire,0.9874651810584958
SP5,Wiltshire,0.8682487725040916
SP6,New Forest,0.8642765685019206
SP7,Dorset,0.7824427480916031
SP8,Dorset,1
SP9,Wiltshire,0.8529411764705882
SR1,Sunderland,1
SR2,Sunderland,1
SR3,Sunderland,1
SR4,Sunderland,1
SR43,NA,0.9910714285714286
SR5,Sunderland,0.9993201903467029
SR6,Sunderland,0.6849015317286652
SR7,County Durham,0.9950592885375494
SR8,County Durham,1
SR88,County Durham,1
SR9,Sunderland,1
SS0,Southend-on-Sea,1
SS1,Southend-on-Sea,0.9984732824427481
SS11,Basildon,0.71671388101983
SS12,Basildon,0.9922928709055877
SS13,Basildon,1
SS14,Basildon,0.997037037037037
SS15,Basildon,1
SS16,Basildon,0.9862385321100917
SS17,Thurrock,0.9927909371781668
SS2,Southend-on-Sea,0.9839679358717435
SS22,Southend-on-Sea,0.9805825242718447
SS3,Southend-on-Sea,0.6703431372549019
SS4,Rochford,0.9986486486486487
SS5,Rochford,0.9922380336351876
SS6,Rochford,0.9721421709894332
SS7,Castle Point,0.9974309569685292
SS8,Castle Point,0.9940677966101695
SS9,Southend-on-Sea,0.9659820282413351
SS99,Southend-on-Sea,0.9940119760479041
ST1,Stoke-on-Trent,1
ST10,Staffordshire Moorlands,0.9307851239669421
ST11,Staffordshire Moorlands,0.6195652173913043
ST12,Stafford,0.7379310344827587
ST13,Staffordshire Moorlands,1
ST14,East Staffordshire,0.9879227053140096
ST15,Stafford,0.9954022988505747
ST16,Stafford,0.9992912827781715
ST17,Stafford,0.9594843462246777
ST18,Stafford,0.9520123839009288
ST19,South Staffordshire,0.9193857965451055
ST2,Stoke-on-Trent,0.9732558139534884
ST20,Stafford,1
ST21,Stafford,1
ST3,Stoke-on-Trent,0.9498771498771499
ST4,Stoke-on-Trent,0.9796334012219959
ST5,Newcastle-under-Lyme,0.9921813917122753
ST55,Newcastle-under-Lyme,1
ST6,Stoke-on-Trent,0.9522006625650734
ST7,Newcastle-under-Lyme,0.583843329253366
ST8,Staffordshire Moorlands,0.9657853810264385
ST9,Staffordshire Moorlands,0.8585365853658536
SW10,Kensington and Chelsea,0.9457547169811321
SW11,Wandsworth,0.9882828282828283
SW12,Wandsworth,0.8005982053838484
SW13,Richmond upon Thames,0.9876352395672334
SW14,Richmond upon Thames,1
SW15,Wandsworth,0.9545908183632734
SW16,Lambeth,0.667989417989418
SW17,Wandsworth,0.9174757281553398
SW18,Wandsworth,0.9884422110552764
SW19,Merton,0.8842917251051894
SW1A,Westminster,0.9176136363636364
SW1E,Westminster,0.9543010752688172
SW1H,Westminster,0.9421487603305785
SW1P,Westminster,0.5514429109159348
SW1V,Westminster,0.9588918677390528
SW1W,Westminster,0.8516687268232386
SW1X,Westminster,0.5675675675675675
SW1Y,Westminster,0.966275659824047
SW2,Lambeth,1
SW20,Merton,0.9717868338557993
SW3,Kensington and Chelsea,0.8925438596491229
SW4,Lambeth,0.9511082138200783
SW5,Kensington and Chelsea,0.9905660377358491
SW6,Hammersmith and Fulham,0.9848714069591528
SW7,Kensington and Chelsea,0.8026969481902059
SW8,Lambeth,0.6932885906040268
SW9,Lambeth,0.9977155910908052
SW95,Wandsworth,0.967741935483871
SW99,Lambeth,1
SY1,Shropshire,1
SY10,Shropshire,0.7720659553831232
SY11,Shropshire,1
SY12,Shropshire,0.9929742388758782
SY13,Shropshire,0.7729941291585127
SY14,Cheshire West and Chester,0.7284263959390863
SY15,Powys,0.8387096774193549
SY16,Powys,0.9926017262638718
SY17,Powys,1
SY18,Powys,0.9958677685950413
SY19,Powys,1
SY2,Shropshire,1
SY20,Powys,0.6125760649087221
SY21,Powys,0.9690522243713733
SY22,Powys,0.9244851258581236
SY23,Ceredigion,0.9936406995230525
SY24,Ceredigion,1
SY25,Ceredigion,1
SY3,Shropshire,1
SY4,Shropshire,0.9796913078797725
SY5,Shropshire,0.9722222222222222
SY6,Shropshire,0.9894736842105263
SY7,Shropshire,0.8735119047619048
SY8,Shropshire,0.876984126984127
SY9,Shropshire,0.9864864864864865
SY99,Shropshire,0.9
TA1,Somerset West and Taunton,0.9758971612212105
TA10,South Somerset,0.9981024667931688
TA11,South Somerset,0.9400386847195358
TA12,South Somerset,1
TA13,South Somerset,1
TA14,South Somerset,1
TA15,South Somerset,1
TA16,South Somerset,1
TA17,South Somerset,1
TA18,South Somerset,0.9846153846153847
TA19,South Somerset,1
TA2,Somerset West and Taunton,0.9932810750279956
TA20,South Somerset,0.9221789883268483
TA21,Somerset West and Taunton,0.9330759330759331
TA22,Somerset West and Taunton,0.9368932038834952
TA23,Somerset West and Taunton,1
TA24,Somerset West and Taunton,0.9991181657848325
TA3,Somerset West and Taunton,0.8858267716535433
TA4,Somerset West and Taunton,0.9982030548068284
TA5,Sedgemoor,0.8223443223443223
TA6,Sedgemoor,0.9853024307518372
TA7,Sedgemoor,0.9525222551928784
TA8,Sedgemoor,0.9983498349834984
TA9,Sedgemoor,1
TD1,Scottish Borders,1
TD10,Scottish Borders,1
TD11,Scottish Borders,0.9908814589665653
TD12,Scottish Borders,0.6370370370370371
TD13,Scottish Borders,0.6888888888888889
TD14,Scottish Borders,0.9964539007092199
TD15,Northumberland,0.9476584022038568
TD2,Scottish Borders,1
TD3,Scottish Borders,0.9803921568627451
TD4,Scottish Borders,1
TD5,Scottish Borders,0.9924242424242424
TD6,Scottish Borders,0.9978632478632479
TD7,Scottish Borders,1
TD8,Scottish Borders,1
TD9,Scottish Borders,0.9896432681242808
TF1,Telford and Wrekin,0.9994553376906318
TF10,Telford and Wrekin,0.8993548387096775
TF11,Shropshire,0.8314393939393939
TF12,Shropshire,0.9653846153846154
TF13,Shropshire,0.9478260869565217
TF2,Telford and Wrekin,0.9986468200270636
TF3,Telford and Wrekin,1
TF4,Telford and Wrekin,1
TF5,Telford and Wrekin,1
TF6,Telford and Wrekin,0.9164265129682997
TF7,Telford and Wrekin,0.99625
TF8,Telford and Wrekin,0.8551401869158879
TF9,Shropshire,0.8075657894736842
TN1,Tunbridge Wells,0.9860529986052998
TN10,Tonbridge and Malling,1
TN11,Tonbridge and Malling,0.6745406824146981
TN12,Tunbridge Wells,0.4212962962962963
TN13,Sevenoaks,1
TN14,Sevenoaks,0.964735516372796
TN15,Sevenoaks,0.5239669421487604
TN16,Bromley,0.5901098901098901
TN17,Tunbridge Wells,0.8972375690607735
TN18,Tunbridge Wells,0.9565217391304348
TN19,Rother,0.99644128113879
TN2,Tunbridge Wells,0.898805340829234
TN20,Wealden,0.8983050847457628
TN21,Wealden,0.9619341563786008
TN22,Wealden,0.9903047091412742
TN23,Ashford,0.9878504672897196
TN24,Ashford,0.999034749034749
TN25,Ashford,0.8310185185185185
TN26,Ashford,0.9839486356340289
TN27,Ashford,0.7093469910371318
TN28,Folkestone and Hythe,0.9975609756097561
TN29,Folkestone and Hythe,1
TN3,Tunbridge Wells,0.6125874125874126
TN30,Ashford,0.99812734082397
TN31,Rother,0.9935400516795866
TN32,Rother,1
TN33,Rother,0.8869309838472834
TN34,Hastings,0.981346309813463
TN35,Hastings,0.6003937007874016
TN36,Rother,1
TN37,Hastings,0.982839313572543
TN38,Hastings,0.9918946301925026
TN39,Rother,0.9929161747343566
TN4,Tunbridge Wells,0.9868173258003766
TN40,Rother,0.9749403341288783
TN5,Wealden,0.49816176470588236
TN6,Wealden,0.9715415019762846
TN7,Wealden,1
TN8,Sevenoaks,0.9497005988023952
TN9,Tonbridge and Malling,0.9969666329625885
TQ1,Torbay,0.9965325936199723
TQ10,South Hams,1
TQ11,Teignbridge,0.6918918918918919
TQ12,Teignbridge,0.9987184963690731
TQ13,Teignbridge,0.8382470119521912
TQ14,Teignbridge,0.991725768321513
TQ2,Torbay,0.9983935742971888
TQ3,Torbay,0.9316062176165804
TQ4,Torbay,0.9978118161925602
TQ5,Torbay,0.9714964370546318
TQ6,South Hams,1
TQ7,South Hams,1
TQ8,South Hams,1
TQ9,South Hams,0.9714765100671141
TR1,Cornwall,1
TR10,Cornwall,1
TR11,Cornwall,0.9907735982966643
TR12,Cornwall,1
TR13,Cornwall,0.9968586387434555
TR14,Cornwall,1
TR15,Cornwall,0.98914223669924
TR16,Cornwall,1
TR17,Cornwall,1
TR18,Cornwall,1
TR19,Cornwall,1
TR2,Cornwall,1
TR20,Cornwall,1
TR21,Isles of Scilly,0.8415841584158416
TR22,Isles of Scilly,1
TR23,Isles of Scilly,1
TR24,Isles of Scilly,1
TR25,Isles of Scilly,1
TR26,Cornwall,0.9947984395318595
TR27,Cornwall,0.997093023255814
TR3,Cornwall,1
TR4,Cornwall,1
TR5,Cornwall,1
TR6,Cornwall,1
TR7,Cornwall,0.9816216216216216
TR8,Cornwall,1
TR9,Cornwall,1
TR93,Cornwall,1
TS1,Middlesbrough,0.9992119779353822
TS10,Redcar and Cleveland,1
TS11,Redcar and Cleveland,0.9928571428571429
TS12,Redcar and Cleveland,0.9975186104218362
TS13,Redcar and Cleveland,0.7117117117117117
TS14,Redcar and Cleveland,1
TS15,Stockton-on-Tees,0.7455968688845401
TS16,Stockton-on-Tees,1
TS17,Stockton-on-Tees,0.9924642049736248
TS18,Stockton-on-Tees,1
TS19,Stockton-on-Tees,1
TS2,Middlesbrough,0.7857142857142857
TS20,Stockton-on-Tees,1
TS21,County Durham,0.5384615384615384
TS22,Stockton-on-Tees,0.8160919540229885
TS23,Stockton-on-Tees,0.9989395546129375
TS24,Hartlepool,1
TS25,Hartlepool,1
TS26,Hartlepool,1
TS27,County Durham,0.5917874396135265
TS28,County Durham,1
TS29,County Durham,1
TS3,Middlesbrough,0.9990783410138249
TS4,Middlesbrough,1
TS5,Middlesbrough,1
TS6,Redcar and Cleveland,0.9991843393148451
TS7,Middlesbrough,0.6464924346629987
TS8,Middlesbrough,0.9181494661921709
TS9,Hambleton,0.9347133757961783
TS90,Middlesbrough,1
TW1,Richmond upon Thames,0.8945945945945946
TW10,Richmond upon Thames,0.9938650306748467
TW11,Richmond upon Thames,0.9942307692307693
TW12,Richmond upon Thames,0.9936642027455121
TW13,Hounslow,0.9764111204717776
TW14,Hounslow,0.975669099756691
TW15,Spelthorne,0.97856477166822
TW16,Spelthorne,0.990990990990991
TW17,Spelthorne,0.983358547655068
TW18,Spelthorne,0.6177121771217712
TW19,Spelthorne,0.6052141527001862
TW2,Richmond upon Thames,0.9707536557930259
TW20,Runnymede,0.9961795606494747
TW3,Hounslow,0.9715009499683344
TW4,Hounslow,0.898236092265943
TW5,Hounslow,0.9985590778097982
TW6,Hillingdon,0.9693627450980392
TW7,Hounslow,0.9700073152889539
TW8,Hounslow,0.9918946301925026
TW9,Richmond upon Thames,0.9832848837209303
UB1,Ealing,0.9612141652613828
UB10,Hillingdon,0.9947423764458465
UB11,Hillingdon,1
UB18,Ealing,1
UB2,Ealing,0.8125
UB3,Hillingdon,0.9971231300345225
UB4,Hillingdon,1
UB5,Ealing,0.9657142857142857
UB6,Ealing,0.9977876106194691
UB7,Hillingdon,0.9989701338825953
UB8,Hillingdon,0.9834656084656085
UB9,Hillingdon,0.5339805825242718
W1,Westminster,1
W10,Kensington and Chelsea,0.5110326566637247
W11,Kensington and Chelsea,0.8418430884184309
W12,Hammersmith and Fulham,0.8883638511518015
W13,Ealing,0.9916974169741697
W14,Hammersmith and Fulham,0.8478593272171254
W1A,Westminster,0.765987852804573
W1B,Westminster,0.998165137614679
W1C,Westminster,0.9951923076923077
W1D,Westminster,1
W1E,NA,1
W1F,Westminster,1
W1G,Westminster,0.9988839285714286
W1H,Westminster,0.9985412107950401
W1J,Westminster,0.997874601487779
W1K,Westminster,0.9982905982905983
W1M,Westminster,1
W1N,Westminster,0.9985380116959064
W1P,Camden,0.5020519835841313
W1R,Westminster,1
W1S,Westminster,0.9976905311778291
W1T,Camden,0.71698113207547165
W1U,Westminster,0.9973527465254798
W1V,Westminster,1
W1W,Westminster,0.9893742621015348
W1X,Westminster,1
W1Y,Westminster,1
W2,Westminster,0.8764434180138568
W3,Ealing,0.9569835369091875
W4,Hounslow,0.8375609756097561
W5,Ealing,0.9936305732484076
W6,Hammersmith and Fulham,0.991751269035533
W7,Ealing,0.9881516587677726
W8,Kensington and Chelsea,1
W9,Westminster,0.8513513513513513
WA1,Warrington,1
WA10,St. Helens,0.9988808058198098
WA11,St. Helens,0.9958847736625515
WA12,St. Helens,0.9793340987370838
WA13,Warrington,0.8582202111613876
WA14,Trafford,0.9641411220358589
WA15,Trafford,0.9463019250253293
WA16,Cheshire East,0.9378990133488102
WA2,Warrington,0.9991843393148451
WA3,Warrington,0.552738336713996
WA4,Warrington,0.9076112972714218
WA5,Warrington,0.9961612284069098
WA55,Warrington,1
WA6,Cheshire West and Chester,0.9900332225913622
WA7,Halton,0.9712444224095191
WA8,Halton,0.9344478662560493
WA88,Halton,1
WA9,St. Helens,0.9987171263630532
WC1A,Camden,0.5738993710691824
WC1B,Camden,0.9116997792494481
WC1E,Camden,0.9417808219178082
WC1H,Camden,0.9360119047619048
WC1N,Camden,0.9402460456942003
WC1R,Camden,0.9181818181818182
WC1V,Camden,0.8154613466334164
WC1X,Camden,0.7322239031770046
WC2A,Camden,0.536697247706422
WC2B,Camden,0.5164319248826291
WC2E,Westminster,0.908289241622575
WC2H,Westminster,0.4977827050997783
WC2N,Westminster,0.9131313131313131
WC2R,Westminster,0.9061728395061729
WC99,Camden,0.5
WC99,Westminster,0.5
WD1,Watford,0.7351761034329024
WD17,Watford,0.9989071038251366
WD18,Watford,0.8645390070921986
WD19,Three Rivers,0.6729323308270677
WD2,Watford,0.5336538461538461
WD23,Hertsmere,0.8637532133676092
WD24,Watford,1
WD25,Watford,0.7129300118623962
WD3,Three Rivers,0.9715136054421769
WD4,Dacorum,0.6217162872154116
WD5,Three Rivers,0.7540106951871658
WD6,Hertsmere,0.9903078677309008
WD7,Hertsmere,0.9656593406593407
WD99,Watford,0.9565217391304348
WF1,Wakefield,0.9753846153846154
WF10,Wakefield,0.9012508229098091
WF11,Wakefield,0.7679127725856698
WF12,Kirklees,0.988360814742968
WF13,Kirklees,0.9981290926099158
WF14,Kirklees,0.997289972899729
WF15,Kirklees,1
WF16,Kirklees,0.9978070175438597
WF17,Kirklees,0.9924085576259489
WF2,Wakefield,0.9975216852540273
WF3,Leeds,0.6503122212310437
WF4,Wakefield,0.9300653594771242
WF5,Wakefield,0.9951980792316927
WF6,Wakefield,1
WF7,Wakefield,1
WF8,Wakefield,0.9699537750385208
WF9,Wakefield,1
WF90,Wakefield,1
WN1,Wigan,0.9967923015236567
WN2,Wigan,0.9965776865160849
WN3,Wigan,1
WN4,Wigan,0.8579088471849866
WN5,Wigan,0.8596819457436857
WN6,Wigan,0.8827838827838828
WN7,Wigan,0.9919946631087392
WN8,West Lancashire,0.9903614457831326
WR1,Worcester,0.9798339264531435
WR10,Wychavon,1
WR11,Wychavon,0.9466268146883006
WR12,Wychavon,0.76953125
WR13,Malvern Hills,0.5146726862302483
WR14,Malvern Hills,0.9919893190921228
WR15,Malvern Hills,0.7616099071207431
WR2,Worcester,0.7367303609341825
WR3,Worcester,0.7732558139534884
WR4,Worcester,0.9933035714285714
WR5,Worcester,0.7662082514734774
WR6,Malvern Hills,0.6724960254372019
WR7,Wychavon,0.8847583643122676
WR78,Worcester,1
WR8,Malvern Hills,0.683371298405467
WR9,Wychavon,0.9847844463229078
WR99,Worcester,1
WS1,Walsall,0.9992125984251968
WS10,Sandwell,0.627906976744186
WS11,Cannock Chase,0.9648578811369509
WS12,Cannock Chase,0.9319678127286027
WS13,Lichfield,1
WS14,Lichfield,1
WS15,Cannock Chase,0.6332335329341318
WS2,Walsall,1
WS3,Walsall,0.9890387858347386
WS4,Walsall,1
WS5,Walsall,0.6993987975951904
WS6,South Staffordshire,1
WS7,Lichfield,1
WS8,Walsall,0.9777777777777777
WS9,Walsall,0.9527472527472527
WV1,Wolverhampton,0.9993297587131368
WV10,Wolverhampton,0.8436213991769548
WV11,Wolverhampton,0.8646441073512252
WV12,Walsall,0.8571428571428571
WV13,Walsall,0.6797297297297298
WV14,Wolverhampton,0.7101024890190337
WV15,Shropshire,0.9864130434782609
WV16,Shropshire,0.998719590268886
WV2,Wolverhampton,1
WV3,Wolverhampton,0.9967391304347826
WV4,Wolverhampton,0.90625
WV5,South Staffordshire,0.8920741989881956
WV6,Wolverhampton,0.7452316076294278
WV7,Shropshire,0.9341085271317829
WV8,South Staffordshire,0.7104761904761905
WV9,Wolverhampton,0.5879828326180258
WV98,Wyre Forest,0.6606425702811245
WV99,Telford and Wrekin,0.9942528735632183
YO1,York,0.9798422436459246
YO10,York,1
YO11,Scarborough,0.9991431019708654
YO12,Scarborough,0.9577338129496403
YO13,Scarborough,0.9282608695652174
YO14,Scarborough,0.9960552268244576
YO15,East Riding of Yorkshire,1
YO16,East Riding of Yorkshire,1
YO17,Ryedale,1
YO18,Ryedale,0.9962476547842402
YO19,York,0.6501766784452296
YO2,York,0.9941141848145968
YO21,Scarborough,0.9811794228356336
YO22,Scarborough,1
YO23,York,0.8668596237337193
YO24,York,1
YO25,East Riding of Yorkshire,0.9766606822262118
YO26,York,0.7157534246575342
YO3,York,0.99
YO30,York,0.8820809248554913
YO31,York,0.9865771812080537
YO32,York,0.9901315789473685
YO4,East Riding of Yorkshire,0.784213876511776
YO41,East Riding of Yorkshire,0.705078125
YO42,East Riding of Yorkshire,0.998780487804878
YO43,East Riding of Yorkshire,0.9962756052141527
YO5,Harrogate,0.8587570621468926
YO51,Harrogate,0.9784615384615385
YO6,Ryedale,0.5392405063291139
YO60,Ryedale,0.977491961414791
YO61,Hambleton,0.9544235924932976
YO62,Ryedale,0.9913544668587896
YO7,Hambleton,0.8770706190061028
YO8,Selby,0.9591745177209511
YO90,York,1
YO91,York,1
YO95,East Riding of Yorkshire,1
ZE1,Shetland Islands,1
ZE2,Shetland Islands,1
ZE3,Shetland Islands,1
